Compound_ID,SMILES,Activity_Label
CHEMBL106202,CC(C)(C)OC(=O)N[C@@H](CC(=O)O)C(=O)N1CCCC1C(=O)N[C@@H](CCCN=C(N)N)C(=O)C(=O)NCCc1ccccc1,1
CHEMBL1083499,Cc1cnc(NCC(F)(F)c2ccccc2)c(=O)n1CC(=O)NCCONC(=N)N,0
CHEMBL1084908,N#Cc1cnc(NCC(F)(F)c2ccccc2)c(=O)n1CC(=O)NCCONC(=N)N,0
CHEMBL1088332,N=C(N)NOCCNC(=O)Cn1c(Cl)cnc(NCC(F)(F)c2ccccc2)c1=O,0
CHEMBL109044,CCOC(=O)CN(NC(C)=O)C(=O)[C@@H]1CCCC[C@H]1C(=O)N[C@H](C=O)CCCN=C(N)N,0
CHEMBL110631,CCOC(=O)CN(NC(=O)OC(C)(C)C)C(=O)[C@@H]1CCCC[C@H]1C(=O)N[C@H](C=O)CCCN=C(N)N,0
CHEMBL111363,CC(=O)NN(CCCc1ccccc1)C(=O)[C@@H]1CCCC[C@H]1C(=O)N[C@H](C=O)CCCN=C(N)N,0
CHEMBL1160757,C=C(C)C[C@]1(N)C[C@H](OC)[C@@H]2[C@H](CC)CC(C(=O)NCc3ccc(C(=N)N)cc3)N2C1=O.O=C(O)/C=C/C(=O)O,1
CHEMBL121981,CC(NC(=O)CNC(=O)Nc1ccc(C(=N)N)cc1)c1ccc(OCc2ccccc2)cc1,1
CHEMBL122148,C[C@@H](NC(=O)CNC(=O)Nc1ccc(C(=N)N)cc1)c1ccc2ccccc2c1,1
CHEMBL122151,CC(NC(=O)CNC(=O)Nc1ccc(C(=N)N)cc1)c1ccc(Cc2ccccc2)cc1,1
CHEMBL122222,COC(=O)c1cc(C(C)NC(=O)CNC(=O)Nc2ccc(C(=N)N)cc2)ccc1OCc1ccccc1,1
CHEMBL122309,CC(NC(=O)CNC(=O)Nc1ccc(C(=N)N)cc1)c1ccc(N2CCOCC2)cc1,1
CHEMBL122548,CC(NC(=O)CNC(=O)Nc1ccc(C(=N)N)cc1)c1ccc(C(=O)Nc2ccccc2)cc1,1
CHEMBL122599,CC(NC(=O)CNC(=O)Nc1ccc(C(=N)N)cc1)c1ccc(OCc2cccc(Cl)c2)cc1,1
CHEMBL122600,CC(NC(=O)CNC(=O)Nc1ccc(C(=N)N)cc1)c1ccc(Oc2ccc(Cl)cc2Cl)cc1,1
CHEMBL122765,C[C@H](NC(=O)CNC(=O)Nc1ccc(C(=N)N)cc1)c1ccc(Br)cc1,1
CHEMBL122854,CC(NC(=O)CNC(=O)Nc1ccc(C(=N)N)cc1)c1ccc(Oc2ccccc2)cc1,1
CHEMBL122863,CC(=O)Nc1ccc(C(C)NC(=O)CNC(=O)Nc2ccc(C(=N)N)cc2)cc1,1
CHEMBL122916,CC(NC(=O)CNC(=O)Nc1ccc(C(=N)N)cc1)c1ccc(N2CCOCC2)c(C(F)(F)F)c1,1
CHEMBL1230642,CCOc1cc(OCC)c(F)c([C@@H](Nc2ccc(C(=N)N)c(O)c2)C(=O)NS(=O)(=O)c2cccc(N)c2)c1,1
CHEMBL123336,CC(NC(=O)CNC(=O)Nc1ccc(C(=N)N)cc1)c1ccc(NC(=O)C2CC2)cc1,1
CHEMBL125153,N=C(N)c1ccc2[nH]c(-c3cccc(-c4ccccc4)c3O)cc2c1Cl,1
CHEMBL125585,CC(C)Nc1ccc(-c2ccccc2)c(CC(=O)NCc2ccc(C(=N)N)cc2)c1O,1
CHEMBL125585,CC(C)Nc1ccc(-c2ccccc2)c(CC(=O)NCc2ccc(C(=N)N)cc2)c1O,1
CHEMBL125781,CC(C)Nc1ccc(-c2cccc(N)c2)c(CC(=O)NCc2ccc(C(=N)N)cc2)c1F,1
CHEMBL125781,CC(C)Nc1ccc(-c2cccc(N)c2)c(CC(=O)NCc2ccc(C(=N)N)cc2)c1F,1
CHEMBL125781,CC(C)Nc1ccc(-c2cccc(N)c2)c(CC(=O)NCc2ccc(C(=N)N)cc2)c1F,1
CHEMBL125781,CC(C)Nc1ccc(-c2cccc(N)c2)c(CC(=O)NCc2ccc(C(=N)N)cc2)c1F,1
CHEMBL126012,C[C@H](NC(=O)CNC(=O)Nc1ccc(C(=N)N)cc1)c1ccc2ccccc2c1,1
CHEMBL126707,COc1cc2[nH]c(-c3cccc(-c4ccccc4)c3O)cc2cc1C(=N)N,0
CHEMBL127278,Cc1cc2[nH]c(-c3cccc(-c4ccccc4)c3O)cc2cc1C(=N)N,1
CHEMBL127407,N=C(N)c1cc2cc(-c3cccc(-c4ccccc4)c3O)[nH]c2cc1O,0
CHEMBL127909,N=C(N)c1cc2cc(-c3cccc(-c4ccccc4)c3O)[nH]c2cc1F,1
CHEMBL128019,CS(=O)(=O)CC[C@H](NC(=O)[C@@H](Cc1ccccc1)NS(=O)(=O)Cc1ccccc1)C(=O)N[C@@H](CCCN=C(N)N)C(=O)c1nccs1,0
CHEMBL130252,N=C(N)NCCC[C@H](NC(=O)[C@H](Cc1cccc2ccccc12)NC(=O)[C@@H](Cc1ccccc1)NS(=O)(=O)Cc1ccccc1)C(=O)c1nccs1,1
CHEMBL130344,N=C(N)NCCC[C@H](NC(=O)[C@H](Cc1ccc([N+](=O)[O-])cc1)NC(=O)[C@@H](Cc1ccccc1)NS(=O)(=O)Cc1ccccc1)C(=O)c1nccs1,1
CHEMBL130464,CC(=O)Nc1ccc(C[C@H](NC(=O)[C@@H](Cc2ccccc2)NS(=O)(=O)Cc2ccccc2)C(=O)N[C@@H](CCCN=C(N)N)C(=O)c2nccs2)cc1,1
CHEMBL130592,N=C(N)NCCC[C@H](NC(=O)[C@H](Cc1ccc2ccccc2c1)NC(=O)[C@@H](Cc1ccccc1)NS(=O)(=O)Cc1ccccc1)C(=O)c1nccs1,1
CHEMBL130773,N=C(N)NCCC[C@H](NC(=O)[C@H](Cc1cccc(-c2ccccc2)c1)NC(=O)[C@@H](Cc1ccccc1)NS(=O)(=O)Cc1ccccc1)C(=O)c1nccs1,1
CHEMBL131192,Cc1ccc(C[C@H](NC(=O)[C@@H](Cc2ccccc2)NS(=O)(=O)Cc2ccccc2)C(=O)N[C@@H](CCCN=C(N)N)C(=O)c2nccs2)cc1,1
CHEMBL131401,N=C(N)NCCC[C@H](NC(=O)[C@H](Cc1cc(F)c(F)c(F)c1)NC(=O)[C@@H](Cc1ccccc1)NS(=O)(=O)Cc1ccccc1)C(=O)c1nccs1,1
CHEMBL131452,N=C(N)NCCC[C@H](NC(=O)[C@H](COCc1ccccc1)NC(=O)[C@@H](Cc1ccccc1)NS(=O)(=O)Cc1ccccc1)C(=O)c1nccs1,1
CHEMBL132057,N=C(N)NCCC[C@H](NC(=O)[C@H](CCc1ccccc1)NC(=O)[C@@H](Cc1ccccc1)NS(=O)(=O)Cc1ccccc1)C(=O)c1nccs1,1
CHEMBL132395,N=C(N)NCCC[C@H](NC(=O)[C@H](CC(=O)OC1CCCCC1)NC(=O)[C@@H](Cc1ccccc1)NS(=O)(=O)Cc1ccccc1)C(=O)c1nccs1,1
CHEMBL134792,N=C(N)c1ccc(CNC(=O)Cc2c(F)ccc(NCCc3ccccc3)c2F)cc1,0
CHEMBL136098,N=C(N)c1cccc(CNC(=O)Cc2c(F)ccc(NS(=O)(=O)Cc3ccccc3)c2F)c1,0
CHEMBL136290,O=C(Cc1c(F)ccc(NS(=O)(=O)Cc2ccccc2)c1F)NCC1CCNCC1,0
CHEMBL136788,N=C(N)NCCCCCNC(=O)Cc1c(F)ccc(NS(=O)(=O)Cc2ccccc2)c1F,0
CHEMBL137337,O=C(Cc1c(F)ccc(NS(=O)(=O)Cc2ccccc2)c1F)NCCCn1ccnc1,0
CHEMBL137444,COc1c(NCCc2ccccc2)ccc(-c2ccccc2)c1CC(=O)NCc1ccc(C(=N)N)cc1,0
CHEMBL137483,N=C(N)c1ccc(CNC(=O)Cc2c(F)ccc(NS(=O)(=O)Cc3ccccc3)c2F)cc1,0
CHEMBL137487,N=C(N)c1ccc(CNC(=O)Cc2c(-c3cccc(N)c3)ccc(NCc3ccccc3)c2F)cc1,1
CHEMBL138119,N=C(N)c1ccc(CNC(=O)Cc2c(-c3ccccc3)ccc(NCCc3ccccc3)c2O)cc1,1
CHEMBL140009,CC(C)Nc1ccc(-c2cc(N)cc(C(=O)O)c2)n(CC(=O)NCc2ccc(C(=N)N)cc2)c1=O,1
CHEMBL142205,CC(C)Nc1ccc(-c2cc(N)cc(N)c2)n(CC(=O)NCc2ccc(C(=N)N)cc2)c1=O,1
CHEMBL151939,NCc1ccccc1-n1nc(C(F)(F)F)cc1C(=O)Nc1ccc(-c2ccccc2S(N)(=O)=O)cc1F,0
CHEMBL168471,CC(C)C[C@H](C=O)NC(=O)[C@@H](NS(=O)(=O)c1ccc(F)cc1)C(C)C,0
CHEMBL175436,CC[C@H](C)[C@@H]1NC(=O)[C@H](NC(=O)N[C@@H](CCCNC(=N)N)C(=O)O)CCCCNC(=O)[C@H](Cc2ccccc2)NC(=O)[C@H](C)N(C)C(=O)[C@H](CCc2ccc(O)cc2)NC1=O,0
CHEMBL176140,CS(=O)(=O)c1ccccc1-c1ccc(NC(=O)c2cc(C(F)(F)F)nn2-c2cccc(CN)c2)c(F)c1,0
CHEMBL177450,CC(NC(=O)CNC(=O)Nc1ccc(C(=N)N)c(F)c1)c1ccc2c(c1)NC(=O)CO2,1
CHEMBL178134,COc1cc([C@@H](Nc2ccc(C(=N)N)cc2)C(=O)N[C@H](C(=O)O)c2ccccc2)c(S(=O)(=O)c2ccccc2)cc1OCc1ccccc1,1
CHEMBL178616,COc1cc([C@@H](Nc2ccc(C(=N)N)cc2)C(=O)N[C@H](C(=O)O)c2ccccc2)ccc1OCc1ccccc1,1
CHEMBL1790570,CC[C@@H](C)[C@H](NC(=O)[C@@H](Cc1ccccc1)NS(=O)(=O)Cc1ccccc1)C(=O)N[C@@H](CCCN=C(N)N)C(=O)c1nccs1,1
CHEMBL1790570,CC[C@@H](C)[C@H](NC(=O)[C@@H](Cc1ccccc1)NS(=O)(=O)Cc1ccccc1)C(=O)N[C@@H](CCCN=C(N)N)C(=O)c1nccs1,1
CHEMBL179270,COc1cc(C(Nc2ccc(C(=N)N)cc2)C(=O)NCc2ccccc2)ccc1OCc1ccccc1,1
CHEMBL1797519,C[C@@H](O)[C@H](NC(=O)[C@@H](N)Cc1ccc(O)cc1)C(=O)N[C@@H](CCCCNC(=N)N)C(=O)Cc1ccccc1,0
CHEMBL1797520,CC(=O)N[C@@H](Cc1ccc(O)cc1)C(=O)N[C@H](C(=O)N[C@@H](CCCCNC(=N)N)C(=O)Cc1ccccc1)[C@@H](C)O,0
CHEMBL1797521,CC(C)C[C@H](NC(=O)[C@H](Cc1ccccc1)NS(=O)(=O)Cc1ccccc1)C(=O)N[C@@H](CCCCNC(=N)N)C(=O)Cc1ccccc1,0
CHEMBL1797522,N=C(N)NCCCC[C@H](NC(=O)[C@H](Cc1ccccc1)NC(=O)[C@@H](N)Cc1ccccc1)C(=O)Cc1ccccc1,0
CHEMBL1797523,CC(=O)N[C@@H](Cc1ccccc1)C(=O)N[C@@H](Cc1ccccc1)C(=O)N[C@@H](CCCCNC(=N)N)C(=O)Cc1ccccc1,0
CHEMBL1797524,N=C(N)NCCCC[C@H](NC(=O)[C@H](Cc1ccccc1)NC(=O)[C@H](Cc1ccccc1)NS(=O)(=O)Cc1ccccc1)C(=O)Cc1ccccc1,0
CHEMBL1797524,N=C(N)NCCCC[C@H](NC(=O)[C@H](Cc1ccccc1)NC(=O)[C@H](Cc1ccccc1)NS(=O)(=O)Cc1ccccc1)C(=O)Cc1ccccc1,0
CHEMBL1797525,N=C(N)NCCCC[C@H](NC(=O)[C@H](Cc1ccccc1)NC(=O)[C@@H](Cc1ccccc1)NS(=O)(=O)Cc1ccccc1)C(=O)Cc1ccccc1,0
CHEMBL1797526,N=C(N)NCCCC[C@H](NC(=O)[C@H](Cc1ccccc1)NC(=O)[C@H](Cc1ccccc1)NC(=O)OCc1ccccc1)C(=O)Cc1ccccc1,0
CHEMBL1797526,N=C(N)NCCCC[C@H](NC(=O)[C@H](Cc1ccccc1)NC(=O)[C@H](Cc1ccccc1)NC(=O)OCc1ccccc1)C(=O)Cc1ccccc1,0
CHEMBL1797527,N=C(N)NCCCC[C@H](NC(=O)[C@H](Cc1ccccc1)NC(=O)[C@@H](Cc1ccccc1)NC(=O)OCc1ccccc1)C(=O)Cc1ccccc1,1
CHEMBL1797527,N=C(N)NCCCC[C@H](NC(=O)[C@H](Cc1ccccc1)NC(=O)[C@@H](Cc1ccccc1)NC(=O)OCc1ccccc1)C(=O)Cc1ccccc1,0
CHEMBL179938,COc1cc(CNc2ccc(C(=N)N)cc2)ccc1OCc1ccccc1,1
CHEMBL179983,COc1ccc(C(Nc2ccc(C(=N)N)cc2)C(=O)NCc2ccccc2)cc1OC,1
CHEMBL180104,COc1cc(C(Nc2ccc(C(=N)N)cc2)C(=O)NCc2ccccc2)c(S(=O)(=O)c2ccccc2)cc1OCc1ccccc1,1
CHEMBL180105,COc1cc(CNc2ccc(C(=N)N)cc2)c(NS(C)(=O)=O)cc1OCc1ccccc1,1
CHEMBL180857,CCOc1cc(C(Nc2ccc(C(=N)N)cc2)C(=O)NCc2ccccc2)ccc1OCc1ccccc1,1
CHEMBL181265,CCOc1ccc(CNc2ccc(C(=N)N)cc2)cc1OCC,1
CHEMBL18767,COC(=O)CN(CCCc1ccc(-c2ccccc2S(N)(=O)=O)cc1)c1cccc(C(=N)N)c1.O=C(O)C(F)(F)F,1
CHEMBL189165,CC[C@@H](C)NC(=O)c1cc(N)cc(-c2cnc(NC(C)C)c(=O)n2CC(=O)NCc2ccc(C(=N)N)cc2C(=O)NCCN2CCOCC2)c1,1
CHEMBL189166,CC[C@@H](C)NC(=O)c1cc(N)cc(-c2cnc(NC(C)C)c(=O)n2CC(=O)NCc2ccc(C(=N)N)cc2C(=O)NCC(=O)O)c1,1
CHEMBL189597,CC[C@@H](C)NC(=O)c1cc(N)cc(-c2cnc(NC(C)C)c(=O)n2CC(=O)NCc2ccc(C(=N)N)cc2C(=O)NCC(=O)OC)c1,1
CHEMBL1923468,O=C(CN1CCC[C@H](NS(=O)(=O)c2ccc3cc(Cl)ccc3c2)C1=O)N1C[C@@H]2C[C@H](C1)c1cccc(=O)n1C2,1
CHEMBL192738,CC[C@@H](C)NC(=O)c1cc(N)cc(-c2cnc(NC(C)C)c(=O)n2CC(=O)NCc2ccc(C(=N)N)cc2)c1,1
CHEMBL193745,CC(C)CCN(Cc1ccc2ccc(C(=N)N)cc2c1)C(=O)c1ccc2ccccc2c1,1
CHEMBL194689,CN1CCCC1CCN(Cc1ccc2ccc(C(=N)N)cc2c1)C(=O)c1cccc2ccccc12,1
CHEMBL195032,N=C(N)c1ccc2ccc(CN(CCc3ccccn3)C(=O)c3cccc4ccccc34)cc2c1,1
CHEMBL195238,N=C(N)c1ccc2ccc(CN(CCCc3ccccc3)C(=O)c3cccc4ccccc34)cc2c1,1
CHEMBL195314,N=C(N)c1ccc2ccc(CN(CCc3c[nH]cn3)C(=O)c3cccc4ccccc34)cc2c1,1
CHEMBL196182,N=C(N)c1ccc2ccc(CN(CCC[n+]3cc[nH]c3)C(=O)c3cccc4ccccc34)cc2c1,1
CHEMBL197032,CC1CCCCN1CCCN(Cc1ccc2ccc(C(=N)N)cc2c1)C(=O)c1cccc2ccccc12,1
CHEMBL197563,N=C(N)c1ccc2ccc(CN(CCCN3CCOCC3)C(=O)c3cccc4ccccc34)cc2c1,1
CHEMBL198629,Cc1cc2cc(NC(=N/[C@H]3CCCCN(CC(=O)N4CCCC4)C3=O)/C(C#N)=C(\O)OCCCCO)ccc2o1,0
CHEMBL199271,CCOc1cc(OCC)cc(C(Nc2ccc(C(=N)N)cc2)C(=O)O)c1,1
CHEMBL202010,N=C(N)c1ccc2[nH]c(-c3nc4ccccc4[nH]3)nc2c1,1
CHEMBL202010,N=C(N)c1ccc2[nH]c(-c3nc4ccccc4[nH]3)nc2c1,0
CHEMBL202433,N=C(N)c1ccc2[nH]c(-c3cnc[nH]3)nc2c1,1
CHEMBL202433,N=C(N)c1ccc2[nH]c(-c3cnc[nH]3)nc2c1,0
CHEMBL202784,N=C(N)c1ccc2[nH]c(-c3cc(C(CC(=O)O)C(=O)O)cc(-c4cccc(CN)c4)c3O)nc2c1,1
CHEMBL202799,COc1ccc(C#N)cc1-c1cc(C(CC(=O)O)C(=O)O)cc(-c2nc3cc(C(=N)N)ccc3[nH]2)c1O,1
CHEMBL202807,N=C(N)c1ccc2[nH]c(-c3cc(C(CC(=O)O)C(=O)O)cc(-c4c(O)cc(Cl)cc4Cl)c3O)nc2c1,1
CHEMBL202850,N=C(N)c1ccc2[nH]c(-c3cc(C(CC(=O)O)C(=O)O)cc(-c4ccc(F)c(Cl)c4)c3O)nc2c1,1
CHEMBL203008,N=C(N)c1ccc2[nH]c(-c3cc(C(CC(=O)O)C(=O)O)cc(-c4ccccc4F)c3O)nc2c1,1
CHEMBL203046,N=C(N)c1ccc2[nH]c(-c3cc(C(CC(=O)O)C(=O)O)cc(-c4cccc(N)c4)c3O)nc2c1,1
CHEMBL203055,N=C(N)c1ccc2[nH]c(-c3cc(C(CC(=O)O)C(=O)O)cc(-c4cccc(Cl)c4)c3O)nc2c1,1
CHEMBL203728,N=C(N)c1ccc2[nH]c(-c3cc(C(CC(=O)O)C(=O)O)cc(-c4cc(Cl)cc(Cl)c4O)c3O)nc2c1,1
CHEMBL203825,CC(=O)c1ccccc1-c1cc(C(CC(=O)O)C(=O)O)cc(-c2nc3cc(C(=N)N)ccc3[nH]2)c1O,1
CHEMBL203834,Oc1ccccc1-c1cccc(-c2nc3ccccc3[nH]2)c1O,0
CHEMBL2040983,O=C(Nc1ccc(N2CCOCC2=O)cc1)[C@H]1Cc2ccccc2CN1C(=O)Cc1ccc(Cl)cc1,0
CHEMBL204126,N=C(N)c1ccc2[nH]c(Cc3ccccn3)nc2c1,0
CHEMBL204159,COc1ccc(F)cc1-c1cc(C(CC(=O)O)C(=O)O)cc(-c2nc3cc(C(=N)N)ccc3[nH]2)c1O,1
CHEMBL204228,N=C(N)c1ccc2[nH]c(-c3cc(C(CC(=O)O)C(=O)O)cc(-c4cccnc4)c3O)nc2c1,1
CHEMBL204283,Cc1ccccc1-c1cc(C(CC(=O)O)C(=O)O)cc(-c2nc3cc(C(=N)N)ccc3[nH]2)c1O,1
CHEMBL204561,Nc1ccc2[nH]c(-c3cc(CC(=O)O)cc(-c4cccc(O)c4)c3O)cc2n1,1
CHEMBL204582,N=C(N)c1ccc2[nH]c(-c3cc(C(CC(=O)O)C(=O)O)cc(-c4ccccc4CS)c3O)nc2c1,1
CHEMBL204723,Nc1ccc2[nH]c(-c3cc(CC(=O)O)cc(-c4cccc(CNC(=O)Nc5ccccc5)c4)c3O)cc2n1,1
CHEMBL204997,N=C(N)c1ccc2[nH]c(-c3n[nH]c(-c4ccccc4)c3O)nc2c1,1
CHEMBL205128,N#Cc1cccc(-c2cc(C(CC(=O)O)C(=O)O)cc(-c3nc4cc(C(=N)N)ccc4[nH]3)c2O)c1,1
CHEMBL205208,Cc1cccc(-c2cc(C(CC(=O)O)C(=O)O)cc(-c3nc4cc(C(=N)N)ccc4[nH]3)c2O)c1,1
CHEMBL205243,N=C(N)c1ccc2[nH]c(-c3cccc(-c4cc(F)ccc4O)c3O)nc2c1,1
CHEMBL205636,Nc1ccc2[nH]c(-c3cc(CC(=O)O)cc(-c4ccccc4)c3O)cc2n1,1
CHEMBL205771,Cc1ccc(-c2cc(C(CC(=O)O)C(=O)O)cc(-c3nc4cc(C(=N)N)ccc4[nH]3)c2O)cc1,1
CHEMBL205880,N=C(N)c1ccc2[nH]c(-c3cc(C(CC(=O)O)C(=O)O)cc(-c4ccc(O)cc4)c3O)nc2c1,1
CHEMBL206069,N=C(N)c1ccc2[nH]c(-c3cc(C(CC(=O)O)C(=O)O)cc(-c4ccccc4)c3O)nc2c1,1
CHEMBL206232,Cc1cccc(NC(=O)Cc2cc(C(CC(=O)O)C(=O)O)cc(-c3nc4cc(C(=N)N)ccc4[nH]3)c2O)c1,1
CHEMBL206234,N=C(N)c1ccc2[nH]c(-c3cc(C(CC(=O)O)C(=O)O)cc(-c4cc(Cl)ccc4O)c3O)nc2c1,1
CHEMBL206330,N=C(N)c1ccc2[nH]c(-c3cc(C(CC(=O)O)C(=O)O)cc(-c4cc(F)cc(F)c4)c3O)nc2c1,1
CHEMBL206335,CN(C)Cc1nccn1-c1ccc(NC(=O)c2cc(C(F)(F)F)nn2-c2ccc3onc(N)c3c2)c(F)c1,1
CHEMBL206335,CN(C)Cc1nccn1-c1ccc(NC(=O)c2cc(C(F)(F)F)nn2-c2ccc3onc(N)c3c2)c(F)c1,0
CHEMBL206335,CN(C)Cc1nccn1-c1ccc(NC(=O)c2cc(C(F)(F)F)nn2-c2ccc3onc(N)c3c2)c(F)c1,1
CHEMBL206337,N=C(N)c1ccc2[nH]c(-c3cc(C(CC(=O)O)C(=O)O)cc(-c4ccc(Cl)cc4)c3O)nc2c1,1
CHEMBL206387,N=C(N)c1ccc2[nH]c(-c3cc(C(CC(=O)O)C(=O)O)cc(-c4cc(CNC(N)=O)ccc4O)c3O)nc2c1,1
CHEMBL206429,N=C(N)c1ccc2[nH]c(-c3cc(C(CC(=O)O)C(=O)O)cc(-c4cccc(Cl)c4Cl)c3O)nc2c1,1
CHEMBL206507,N#Cc1ccc(O)c(-c2cc(C(CC(=O)O)C(=O)O)cc(-c3nc4cc(C(=N)N)ccc4[nH]3)c2O)c1,1
CHEMBL206514,N=C(N)c1ccc2[nH]c(-c3cc(C(CC(=O)O)C(=O)O)cc(-c4cccc(CO)c4)c3O)nc2c1,1
CHEMBL206539,Cc1cc(C)cc(-c2cc(C(CC(=O)O)C(=O)O)cc(-c3nc4cc(C(=N)N)ccc4[nH]3)c2O)c1,1
CHEMBL206726,N=C(N)c1ccc2[nH]c(-c3cc(C(CC(=O)O)C(=O)O)cc(-c4ccccc4[N+](=O)[O-])c3O)nc2c1,1
CHEMBL207720,N=C(N)c1ccc2[nH]c(-c3cc(CC(=O)O)cc(-c4cccc([N+](=O)[O-])c4)c3O)nc2c1,1
CHEMBL209791,Cc1cc(-c2nc3cc(C(=N)N)ccc3[nH]2)c(O)c(-c2cc(CNC(N)=O)ccc2O)c1,1
CHEMBL211227,CC(=O)NCc1ccc(O)c(-c2cccc(-c3cc4cc(C(=N)N)ccc4[nH]3)c2O)c1,1
CHEMBL211482,N=C(N)c1ccc2[nH]c(-c3cccc(-c4cc(CNC(=O)CO)ccc4O)c3O)cc2c1,1
CHEMBL213352,COc1ccc(-n2nc(C(N)=O)c3ncn(-c4ccc(-c5ccccc5CN5CCCC5)cc4F)c(=O)c32)cc1,0
CHEMBL213927,NCCCC[C@H](NC(=O)OCc1ccccc1)C(=O)c1noc(Cc2ccc(C(=O)NC3Cc4ccccc4C3)cc2)n1,0
CHEMBL214351,CN(C)CCCC(=O)NCc1ccc(O)c(-c2cccc(-c3cc4cc(C(=N)N)ccc4[nH]3)c2O)c1,1
CHEMBL214352,N=C(N)c1ccc2[nH]c(-c3cccc(-c4cc(CNC(=O)N5CCOCC5)ccc4O)c3O)cc2c1,1
CHEMBL214368,CCOC(=O)N[C@@H](CCCCN)C(=O)c1noc(Cc2ccc(C(=O)NC3Cc4ccccc4C3)cc2)n1,0
CHEMBL215295,N=C(N)c1ccc(CNC(=O)C2(NC(=O)[C@H](NCC(=O)O)C3CCCCC3)Cc3ccccc3C2)cc1,1
CHEMBL215295,N=C(N)c1ccc(CNC(=O)C2(NC(=O)[C@H](NCC(=O)O)C3CCCCC3)Cc3ccccc3C2)cc1,1
CHEMBL222079,CN(C)Cc1ccccc1-c1ccc(N2CCc3c(C(F)(F)F)nn(-c4cccc(C(N)=O)c4)c3C2=O)cc1,1
CHEMBL230031,N=C(N)c1ccc(CNC(=O)Cn2c(-c3cccc(N)c3)c(Cl)nc(NC3CCC3)c2=O)cc1O,1
CHEMBL230032,N=C(N)c1ccc(CNC(=O)Cn2c(-c3cccc(N)c3)c(Cl)nc(NC3CCC3)c2=O)c(C(F)(F)F)c1,1
CHEMBL230661,N=C(N)c1c(O)c(F)c(CNC(=O)Cn2c(-c3cccc(N)c3)c(Cl)nc(NC3CCC3)c2=O)c(F)c1F,1
CHEMBL230764,N=C(N)c1c(F)c(F)c(CNC(=O)Cn2c(-c3cccc(N)c3)c(Cl)nc(NC3CCC3)c2=O)c(F)c1F,1
CHEMBL2338554,C/C=C1\NC(=O)[C@@H](NC(=O)[C@@H](NC(=O)[C@@H](COS(=O)(=O)[O-])OC)C(C)C)[C@@H](C)OC(=O)[C@H]([C@H](C)CC)NC(=O)[C@H](Cc2ccccc2)N(C)C(=O)[C@H](Cc2ccccc2)N2C(=O)[C@H](CC[C@H]2O)NC1=O.[Na+],0
CHEMBL233992,O=C(N[C@H]1CCC[C@H]1NC(=O)c1ccc(Cl)s1)c1ccc(-n2ccccc2=O)cc1,0
CHEMBL237065,O=C(N[C@H]1C[C@H](CO)C[C@H]1NC(=O)c1ccc(Cl)s1)c1ccc(-n2ccccc2=O)cc1,0
CHEMBL2372334,CC[C@H](C)[C@@H]1NC(=O)[C@H](CCCN=C(N)N)NC(=O)[C@@H]2CCCN2C(=O)[C@H](CC(N)=O)NC(=O)[C@H](CC(=O)O)NC(=O)[C@@H](NC(=O)[C@H](CC(C)C)NC(=O)[C@H](C)NC(=O)CCCCCOP(=O)(O)OCCCCCc2ccccc2)CSSC[C@@H](C(=O)N[C@@H](CCC(N)=O)C(=O)N[C@@H](Cc2ccccc2)C(=O)N[C@H](C(=O)N[C@@H](CCC(=O)O)C(=O)NCC(N)=O)C(C)C)NC(=O)[C@H](Cc2ccc(O)cc2)NC(=O)[C@H](Cc2c[nH]c3ccccc23)NC(=O)[C@H](CCCN=C(N)N)NC(=O)[C@H](CC(=O)O)NC1=O,1
CHEMBL2372334,CC[C@H](C)[C@@H]1NC(=O)[C@H](CCCN=C(N)N)NC(=O)[C@@H]2CCCN2C(=O)[C@H](CC(N)=O)NC(=O)[C@H](CC(=O)O)NC(=O)[C@@H](NC(=O)[C@H](CC(C)C)NC(=O)[C@H](C)NC(=O)CCCCCOP(=O)(O)OCCCCCc2ccccc2)CSSC[C@@H](C(=O)N[C@@H](CCC(N)=O)C(=O)N[C@@H](Cc2ccccc2)C(=O)N[C@H](C(=O)N[C@@H](CCC(=O)O)C(=O)NCC(N)=O)C(C)C)NC(=O)[C@H](Cc2ccc(O)cc2)NC(=O)[C@H](Cc2c[nH]c3ccccc23)NC(=O)[C@H](CCCN=C(N)N)NC(=O)[C@H](CC(=O)O)NC1=O,1
CHEMBL2372334,CC[C@H](C)[C@@H]1NC(=O)[C@H](CCCN=C(N)N)NC(=O)[C@@H]2CCCN2C(=O)[C@H](CC(N)=O)NC(=O)[C@H](CC(=O)O)NC(=O)[C@@H](NC(=O)[C@H](CC(C)C)NC(=O)[C@H](C)NC(=O)CCCCCOP(=O)(O)OCCCCCc2ccccc2)CSSC[C@@H](C(=O)N[C@@H](CCC(N)=O)C(=O)N[C@@H](Cc2ccccc2)C(=O)N[C@H](C(=O)N[C@@H](CCC(=O)O)C(=O)NCC(N)=O)C(C)C)NC(=O)[C@H](Cc2ccc(O)cc2)NC(=O)[C@H](Cc2c[nH]c3ccccc23)NC(=O)[C@H](CCCN=C(N)N)NC(=O)[C@H](CC(=O)O)NC1=O,1
CHEMBL2372335,CC[C@H](C)[C@@H]1NC(=O)[C@H](CCCN=C(N)N)NC(=O)[C@@H]2CCCN2C(=O)[C@H](CC(N)=O)NC(=O)[C@H](CC(=O)O)NC(=O)[C@@H](NC(=O)[C@H](CC(C)C)NC(=O)[C@H](C)NC(=O)CCCCCOP(=O)(O)Oc2ccc3ccccc3c2)CSSC[C@@H](C(=O)N[C@@H](CCC(N)=O)C(=O)N[C@@H](Cc2ccccc2)C(=O)N[C@H](C(=O)N[C@@H](CCC(=O)O)C(=O)NCC(N)=O)C(C)C)NC(=O)[C@H](Cc2ccc(O)cc2)NC(=O)[C@H](Cc2c[nH]c3ccccc23)NC(=O)[C@H](CCCN=C(N)N)NC(=O)[C@H](CC(=O)O)NC1=O,1
CHEMBL2372335,CC[C@H](C)[C@@H]1NC(=O)[C@H](CCCN=C(N)N)NC(=O)[C@@H]2CCCN2C(=O)[C@H](CC(N)=O)NC(=O)[C@H](CC(=O)O)NC(=O)[C@@H](NC(=O)[C@H](CC(C)C)NC(=O)[C@H](C)NC(=O)CCCCCOP(=O)(O)Oc2ccc3ccccc3c2)CSSC[C@@H](C(=O)N[C@@H](CCC(N)=O)C(=O)N[C@@H](Cc2ccccc2)C(=O)N[C@H](C(=O)N[C@@H](CCC(=O)O)C(=O)NCC(N)=O)C(C)C)NC(=O)[C@H](Cc2ccc(O)cc2)NC(=O)[C@H](Cc2c[nH]c3ccccc23)NC(=O)[C@H](CCCN=C(N)N)NC(=O)[C@H](CC(=O)O)NC1=O,1
CHEMBL2372335,CC[C@H](C)[C@@H]1NC(=O)[C@H](CCCN=C(N)N)NC(=O)[C@@H]2CCCN2C(=O)[C@H](CC(N)=O)NC(=O)[C@H](CC(=O)O)NC(=O)[C@@H](NC(=O)[C@H](CC(C)C)NC(=O)[C@H](C)NC(=O)CCCCCOP(=O)(O)Oc2ccc3ccccc3c2)CSSC[C@@H](C(=O)N[C@@H](CCC(N)=O)C(=O)N[C@@H](Cc2ccccc2)C(=O)N[C@H](C(=O)N[C@@H](CCC(=O)O)C(=O)NCC(N)=O)C(C)C)NC(=O)[C@H](Cc2ccc(O)cc2)NC(=O)[C@H](Cc2c[nH]c3ccccc23)NC(=O)[C@H](CCCN=C(N)N)NC(=O)[C@H](CC(=O)O)NC1=O,1
CHEMBL2372340,CC[C@H](C)[C@@H]1NC(=O)[C@H](CCCN=C(N)N)NC(=O)[C@@H]2CCCN2C(=O)[C@H](CC(N)=O)NC(=O)[C@H](CC(=O)O)NC(=O)[C@@H](NC(=O)[C@H](CC(C)C)NC(=O)[C@H](C)NC(=O)CCCCCOP(=O)(O)OC2CCC(c3ccccc3)(c3ccccc3)CC2)CSSC[C@@H](C(=O)N[C@@H](CCC(N)=O)C(=O)N[C@@H](Cc2ccccc2)C(=O)N[C@H](C(=O)N[C@@H](CCC(=O)O)C(=O)NCC(N)=O)C(C)C)NC(=O)[C@H](Cc2ccc(O)cc2)NC(=O)[C@H](Cc2c[nH]c3ccccc23)NC(=O)[C@H](CCCN=C(N)N)NC(=O)[C@H](CC(=O)O)NC1=O,1
CHEMBL2372340,CC[C@H](C)[C@@H]1NC(=O)[C@H](CCCN=C(N)N)NC(=O)[C@@H]2CCCN2C(=O)[C@H](CC(N)=O)NC(=O)[C@H](CC(=O)O)NC(=O)[C@@H](NC(=O)[C@H](CC(C)C)NC(=O)[C@H](C)NC(=O)CCCCCOP(=O)(O)OC2CCC(c3ccccc3)(c3ccccc3)CC2)CSSC[C@@H](C(=O)N[C@@H](CCC(N)=O)C(=O)N[C@@H](Cc2ccccc2)C(=O)N[C@H](C(=O)N[C@@H](CCC(=O)O)C(=O)NCC(N)=O)C(C)C)NC(=O)[C@H](Cc2ccc(O)cc2)NC(=O)[C@H](Cc2c[nH]c3ccccc23)NC(=O)[C@H](CCCN=C(N)N)NC(=O)[C@H](CC(=O)O)NC1=O,1
CHEMBL2372340,CC[C@H](C)[C@@H]1NC(=O)[C@H](CCCN=C(N)N)NC(=O)[C@@H]2CCCN2C(=O)[C@H](CC(N)=O)NC(=O)[C@H](CC(=O)O)NC(=O)[C@@H](NC(=O)[C@H](CC(C)C)NC(=O)[C@H](C)NC(=O)CCCCCOP(=O)(O)OC2CCC(c3ccccc3)(c3ccccc3)CC2)CSSC[C@@H](C(=O)N[C@@H](CCC(N)=O)C(=O)N[C@@H](Cc2ccccc2)C(=O)N[C@H](C(=O)N[C@@H](CCC(=O)O)C(=O)NCC(N)=O)C(C)C)NC(=O)[C@H](Cc2ccc(O)cc2)NC(=O)[C@H](Cc2c[nH]c3ccccc23)NC(=O)[C@H](CCCN=C(N)N)NC(=O)[C@H](CC(=O)O)NC1=O,1
CHEMBL2373302,CC1(C)[C@@H]2C[C@H]3OB([C@H](CCCCN)NC(=O)Cn4nc(CNS(=O)(=O)C(F)(F)F)nc4Cc4ccccc4)O[C@@]3(C)[C@H]1C2,1
CHEMBL2373341,CC1(C)[C@@H]2C[C@H]3OB([C@H](CCCCN)NC(=O)Cn4nc(CO)nc4Cc4ccccc4)O[C@@]3(C)[C@H]1C2,1
CHEMBL2373344,CC1(C)[C@@H]2C[C@H]3OB([C@H](CCCCN)NC(=O)Cn4nc(COCc5ccccc5)nc4Cc4ccccc4)O[C@@]3(C)[C@H]1C2,1
CHEMBL2373345,CC(C)(C)OC(=O)/C=C/c1nc(Cc2ccccc2)n(CC(=O)N[C@@H](CCCCN)B2O[C@@H]3C[C@@H]4C[C@@H](C4(C)C)[C@]3(C)O2)n1,1
CHEMBL2373346,CC(C)C(=O)NCc1nc(Cc2ccccc2)n(CC(=O)N[C@@H](CCCCN)B2O[C@@H]3C[C@@H]4C[C@@H](C4(C)C)[C@]3(C)O2)n1,1
CHEMBL2373347,CC1(C)[C@@H]2C[C@H]3OB([C@H](CCCCN)NC(=O)Cn4nc(-c5cccc([N+](=O)[O-])c5)nc4Cc4ccccc4)O[C@@]3(C)[C@H]1C2,1
CHEMBL2373348,CC1(C)[C@@H]2C[C@H]3OB([C@H](CCCCN)NC(=O)Cn4nc(-c5cccc(N)c5)nc4Cc4ccccc4)O[C@@]3(C)[C@H]1C2,1
CHEMBL2373349,Cc1nc(Cc2ccccc2)n(CC(=O)N[C@@H](CCCCN)B2O[C@@H]3C[C@@H]4C[C@@H](C4(C)C)[C@]3(C)O2)n1,1
CHEMBL2373350,CSCc1nc(Cc2ccccc2)n(CC(=O)N[C@@H](CCCCN)B2O[C@@H]3C[C@@H]4C[C@@H](C4(C)C)[C@]3(C)O2)n1,1
CHEMBL2373367,CC(C)(C)OC(=O)CCc1nc(Cc2ccccc2)n(CC(=O)N[C@@H](CCCCN)B2O[C@@H]3C[C@@H]4C[C@@H](C4(C)C)[C@]3(C)O2)n1,1
CHEMBL2373397,CC1(C)[C@@H]2C[C@H]3OB([C@H](CCCCN)NC(=O)Cn4nc(CS(C)(=O)=O)nc4Cc4ccccc4)O[C@@]3(C)[C@H]1C2,1
CHEMBL2373400,CC1(C)[C@@H]2C[C@H]3OB([C@H](CCCCN)NC(=O)Cn4nc(CCC(=O)O)nc4Cc4ccccc4)O[C@@]3(C)[C@H]1C2,1
CHEMBL2373401,CC1(C)[C@@H]2C[C@H]3OB([C@H](CCCCN)NC(=O)Cn4nc(Cc5ccccc5)nc4Cc4ccccc4)O[C@@]3(C)[C@H]1C2,1
CHEMBL2373402,CCCc1nc(Cc2ccccc2)n(CC(=O)N[C@@H](CCCCN)B2O[C@@H]3C[C@@H]4C[C@@H](C4(C)C)[C@]3(C)O2)n1,1
CHEMBL2373403,CC1(C)[C@@H]2C[C@H]3OB([C@H](CCCCN)NC(=O)Cn4nc(CC#N)nc4Cc4cccc([N+](=O)[O-])c4)O[C@@]3(C)[C@H]1C2,1
CHEMBL2373404,CC1(C)[C@@H]2C[C@H]3OB([C@H](CCCCN)NC(=O)Cn4nc(CC(=O)O)nc4Cc4ccccc4)O[C@@]3(C)[C@H]1C2,0
CHEMBL2373405,CC1(C)[C@@H]2C[C@H]3OB([C@H](CCCCN)NC(=O)Cn4nc(CC#N)nc4Cc4ccccc4[N+](=O)[O-])O[C@@]3(C)[C@H]1C2,1
CHEMBL2373408,CC1(C)[C@@H]2C[C@H]3OB([C@H](CCCCN)NC(=O)Cn4nc(CC#N)nc4CCc4ccccc4)O[C@@]3(C)[C@H]1C2,1
CHEMBL2373440,CC(C)(C)CC(=O)NCc1nc(Cc2ccccc2)n(CC(=O)N[C@@H](CCCCN)B2O[C@@H]3C[C@@H]4C[C@@H](C4(C)C)[C@]3(C)O2)n1,1
CHEMBL2373475,C[S+]([O-])Cc1nc(Cc2ccccc2)n(CC(=O)N[C@@H](CCCCN)B2O[C@@H]3C[C@@H]4C[C@@H](C4(C)C)[C@]3(C)O2)n1,1
CHEMBL2373555,COC(=O)Cc1nc(Cc2ccccc2)n(CC(=O)N[C@@H](CCCCN)B2O[C@@H]3C[C@@H]4C[C@@H](C4(C)C)[C@]3(C)O2)n1,0
CHEMBL2373559,CC1(C)[C@@H]2C[C@H]3OB([C@H](CCCCN)NC(=O)Cn4nc(CNC=O)nc4Cc4ccccc4)O[C@@]3(C)[C@H]1C2,1
CHEMBL2375178,CC1(C)[C@@H]2C[C@H]3OB([C@H](CCCCN)NC(=O)Cn4nc(CC#N)nc4Cc4ccccc4)O[C@@]3(C)[C@H]1C2,1
CHEMBL237705,O=C(N[C@H]1COC[C@H]1NC(=O)c1ccc(Cl)s1)c1ccc(-n2ccccc2=O)cc1,0
CHEMBL2381898,CN(C)Cc1ccccc1-c1ccc(NC(=O)Nc2cccnc2Oc2ccccc2C(C)(C)C)c(F)c1,0
CHEMBL2409218,COc1cc([C@@H]2Nc3ccc(C(=N)N)cc3[C@H]3c4ccccc4C[C@H]32)ccc1O,1
CHEMBL2409219,COc1cc([C@@H]2Nc3ccc(C(=N)N)cc3[C@H]3c4ccccc4C[C@H]32)c(-c2ccccc2C(=O)O)cc1O,1
CHEMBL2409220,COc1cc([C@@H]2Nc3ccc(C(=N)N)cc3[C@H]3c4ccccc4C[C@H]32)c(-c2cccc(C(=O)O)c2)cc1O,1
CHEMBL2409314,COc1cc([C@@H]2Nc3ccc(C(=N)N)cc3[C@H]3c4ccccc4C[C@H]32)c(-c2ccc(C(=O)O)cc2)cc1O,1
CHEMBL2409315,C[C@]1(c2ccccc2)C[C@H](c2ccc(O)cc2)Nc2ccc(C(=N)N)cc21,1
CHEMBL2409316,COc1cc([C@H]2C[C@H](c3ccccc3)c3cc(C(=N)N)ccc3N2)ccc1O,1
CHEMBL2417892,COc1ccc(-c2ccc(C(=O)NCC(C)(C)C)cc2C(=O)O)c(C(=O)Nc2cccc(C(N)=O)c2)n1,1
CHEMBL2417893,CCOc1ccc(-c2ccc(C(=O)NCC(C)(C)C)cc2C(=O)O)c(C(=O)Nc2ccc3c(N)nccc3c2)n1,1
CHEMBL2417894,CCCOc1ccc(-c2ccc(C(=O)NCC(C)(C)C)cc2C(=O)O)c(C(=O)Nc2ccc3c(N)nccc3c2)n1,1
CHEMBL2417895,CC(C)Oc1ccc(-c2ccc(C(=O)NCC(C)(C)C)cc2C(=O)O)c(C(=O)Nc2ccc3c(N)nccc3c2)n1,1
CHEMBL2417896,C=CCOc1ccc(-c2ccc(C(=O)NCC(C)(C)C)cc2C(=O)O)c(C(=O)Nc2ccc3c(N)nccc3c2)n1,1
CHEMBL2417897,C=C(C)COc1ccc(-c2ccc(C(=O)NCC(C)(C)C)cc2C(=O)O)c(C(=O)Nc2ccc3c(N)nccc3c2)n1,1
CHEMBL2417898,CC(C)COc1ccc(-c2ccc(C(=O)NCC(C)(C)C)cc2C(=O)O)c(C(=O)Nc2ccc3c(N)nccc3c2)n1,1
CHEMBL2417899,CCCCOc1ccc(-c2ccc(C(=O)NCC(C)(C)C)cc2C(=O)O)c(C(=O)Nc2ccc3c(N)nccc3c2)n1,1
CHEMBL2417900,CC(C)(C)CNC(=O)c1ccc(-c2ccc(OC3CCC3)nc2C(=O)Nc2ccc3c(N)nccc3c2)c(C(=O)O)c1,1
CHEMBL2417901,CN(C)c1ccc(-c2ccc(C(=O)NCC(C)(C)C)cc2C(=O)O)c(C(=O)Nc2ccc3c(N)nccc3c2)n1,1
CHEMBL2417902,CNc1ccc(-c2ccc(C(=O)NCC(C)(C)C)cc2C(=O)O)c(C(=O)Nc2ccc3c(N)nccc3c2)n1,1
CHEMBL2417903,CCNc1ccc(-c2ccc(C(=O)NCC(C)(C)C)cc2C(=O)O)c(C(=O)Nc2ccc3c(N)nccc3c2)n1,1
CHEMBL2417904,COc1ccc(-c2ccc(C(=O)N[C@H](CO)C(C)(C)C)cc2C(=O)O)c(C(=O)Nc2ccc(C(=N)N)cc2)n1,1
CHEMBL2417905,COc1ccc(-c2ccc(C(=O)NCC(C)(C)C)cc2C(=O)O)c(C(=O)Nc2ccc(C(=N)N)cc2)n1,1
CHEMBL2417906,COc1ccc(-c2ccc(C(=O)N[C@H](CO)C(C)(C)C)cc2C(=O)O)c(C(=O)Nc2ccc3c(N)nccc3c2)n1,1
CHEMBL2417907,COc1ccc(-c2ccc(C(=O)NCC(C)(C)C)cc2C(=O)O)c(C(=O)Nc2ccc3c(N)nccc3c2)n1,1
CHEMBL2417908,COc1ccc(-c2ccc(C(=O)N[C@H](CO)C(C)(C)C)cc2C(=O)O)c(C(=O)Nc2ccc3nc(N)[nH]c3c2)n1,1
CHEMBL2417909,COc1ccc(-c2ccc(C(=O)NCC(C)(C)C)cc2C(=O)O)c(C(=O)Nc2ccc3nc(N)[nH]c3c2)n1,1
CHEMBL2417910,COc1ccc(-c2ccc(C(=O)N[C@H](CO)C(C)(C)C)cc2C(=O)O)c(C(=O)Nc2cccc(C(N)=O)c2)n1,1
CHEMBL2417911,C=Cc1ccc(-c2ccc(C(=O)NCC(C)(C)C)cc2C(=O)O)c(C(=O)Nc2ccc3c(N)nccc3c2)n1,1
CHEMBL243107,Nc1cccc(-c2c(Cl)nc(NC3CCC3)c(=O)n2CC(=O)NCc2ccc(C3=NCCN3)cc2)c1,0
CHEMBL243108,N=C(NN)c1ccc(CNC(=O)Cn2c(-c3cccc(N)c3)c(Cl)nc(NC3CCC3)c2=O)cc1,1
CHEMBL243109,Nc1cccc(-c2c(Cl)nc(NC3CCC3)c(=O)n2CC(=O)NCc2ccc3c(N)noc3c2)c1,0
CHEMBL2431588,CCOc1cc(C(Nc2ccc(C(=N)N)cc2)C(=O)NS(=O)(=O)c2ccccc2)ccc1OC(C)C,1
CHEMBL243317,N=C(N)c1ccc(C(=O)NCCn2c(-c3cccc(N)c3)c(Cl)nc(NC3CCC3)c2=O)cc1,0
CHEMBL243318,NCc1ccc(CNC(=O)Cn2c(-c3cccc(N)c3)c(Cl)nc(NC3CCC3)c2=O)cc1,1
CHEMBL243319,Nc1cccc(-c2c(Cl)nc(NC3CCC3)c(=O)n2CC(=O)NCc2ccc3c(N)nsc3c2)c1,0
CHEMBL243537,Nc1cccc(-c2c(Cl)nc(NC3CCC3)c(=O)n2CC(=O)NCc2ccc3c(N)n[nH]c(=O)c3c2)c1,0
CHEMBL243538,Nc1cccc(-c2c(Cl)nc(NC3CCC3)c(=O)n2CC(=O)NCc2ccc3c(N)nccc3c2)c1,0
CHEMBL243539,Nc1cccc(-c2c(Cl)nc(NC3CCC3)c(=O)n2CC(=O)NCCc2cnc[nH]2)c1,0
CHEMBL243759,Nc1cccc(-c2c(Cl)nc(NC3CCC3)c(=O)n2CC(=O)NCCc2cnc(N)[nH]2)c1,0
CHEMBL2441037,COc1ccc(COc2cccc(NC(=O)C3CCN(c4ccncc4)CC3)c2)cc1OC,0
CHEMBL2441054,O=C(Nc1cccc(OCc2cc(F)cc(F)c2)c1)C1CCN(c2ccncc2)CC1,0
CHEMBL2441055,O=C(Nc1cccc(OCc2ccccc2F)c1)C1CCN(c2ccncc2)CC1,0
CHEMBL2441057,O=C(Nc1cccc(OCc2cccc(F)c2)c1)C1CCN(c2ccncc2)CC1,0
CHEMBL2441058,O=C(Nc1cccc(OCc2ccc(F)cc2)c1)C1CCN(c2ccncc2)CC1,0
CHEMBL253991,CC(C)Nc1ncc(-c2cc(N)cc(N)c2)n(CC(=O)NCc2ccc(C(=N)N)cc2)c1=O,1
CHEMBL257867,N=C(N)NCCC[C@H](NC(=O)[C@H](CC(N)=O)NC(=O)[C@@H](Cc1ccccc1)NS(=O)(=O)Cc1ccccc1)C(=O)c1nccs1,1
CHEMBL257867,N=C(N)NCCC[C@H](NC(=O)[C@H](CC(N)=O)NC(=O)[C@@H](Cc1ccccc1)NS(=O)(=O)Cc1ccccc1)C(=O)c1nccs1,1
CHEMBL257867,N=C(N)NCCC[C@H](NC(=O)[C@H](CC(N)=O)NC(=O)[C@@H](Cc1ccccc1)NS(=O)(=O)Cc1ccccc1)C(=O)c1nccs1,1
CHEMBL262061,CS(=O)(=O)c1cccc(-c2cc(CC(=O)O)cc(-c3cc4[nH]c(N)ccc-4n3)c2O)c1,1
CHEMBL264258,N=C(N)NCCC[C@H](NC(=O)[C@H](Cc1ccc(Cl)cc1)NC(=O)[C@@H](Cc1ccccc1)NS(=O)(=O)Cc1ccccc1)C(=O)c1nccs1,1
CHEMBL264389,CC(=O)NN(Cc1ccccc1)C(=O)[C@@H]1CCCC[C@H]1C(=O)N[C@@H](CCCN=C(N)N)C(=O)C(=O)NCCc1ccccc1,1
CHEMBL265315,NC(N)=NCCC[C@@H](CCl)NC(=O)[C@@H]1CCCN1C(=O)[C@H](N)Cc1ccccc1,1
CHEMBL266349,N=C(N)c1ccc(CNC(=O)[C@@H]2CCN2C(=O)[C@H](NCC(=O)O)C2CCCCC2)cc1,1
CHEMBL269354,CC[C@H](C)[C@H]1NC(=O)[C@H](CCCN=C(N)N)NC(=O)[C@H]2CCCN2C(=O)[C@H](CC(N)=O)NC(=O)[C@@H](CC(=O)O)NC(=O)[C@H](NC(=O)[C@H](CC(C)C)NC(=O)[C@H](C)NC(=O)c2ccc(-c3ccccc3[N+](=O)[O-])o2)CSSC[C@H](C(=O)N[C@@H](CCC(N)=O)C(=O)N[C@@H](Cc2ccccc2)C(=O)N[C@H](C(=O)N[C@@H](CCC(=O)O)C(=O)NCC(N)=O)C(C)C)NC(=O)[C@@H](Cc2ccc(O)cc2)NC(=O)[C@H](Cc2c[nH]c3ccccc23)NC(=O)[C@@H](CCCN=C(N)N)NC(=O)[C@H](CC(=O)O)NC1=O,1
CHEMBL275859,N=C(N)NCCC[C@H](NC(=O)[C@H](CO)NC(=O)[C@@H](Cc1ccccc1)NS(=O)(=O)Cc1ccccc1)C(=O)c1nccs1,1
CHEMBL275859,N=C(N)NCCC[C@H](NC(=O)[C@H](CO)NC(=O)[C@@H](Cc1ccccc1)NS(=O)(=O)Cc1ccccc1)C(=O)c1nccs1,1
CHEMBL27852,N=C(N)NCCC[C@H](NC(=O)[C@@H]1CCC2CC[C@@](N)(Cc3ccccc3)CN21)C(=O)c1nc2ccccc2s1,1
CHEMBL282830,N=C(N)NCCC[C@H](NC(=O)[C@@H]1CCN2CC[C@@](N)(Cc3ccccc3)CN12)C(=O)c1nc2ccccc2s1,1
CHEMBL284094,CC(NC(=O)CNC(=O)Nc1ccc(C(=N)N)c(Cl)c1)c1ccc2c(c1)OCCO2,1
CHEMBL284436,N=C(N)NCCC[C@@H](CCl)NC(=O)[C@@H]1CCN2CC[C@@](N)(Cc3ccccc3)CN12,1
CHEMBL285689,C[C@H](NC(=O)CNC(=O)Nc1ccc(C(=N)N)c(Cl)c1)c1cccc(Br)c1,1
CHEMBL287473,N=C(N)c1ccc(NC(=O)NCC(=O)NCc2cccc(Br)c2)cc1,1
CHEMBL290334,CC(NC(=O)CNC(=O)Nc1ccc(C(=N)N)cc1)c1ccc2c(c1)NC(=O)CO2,1
CHEMBL308948,N=C(N)NCCC[C@H](NC(=O)Cn1c(Cc2ccccc2)c(Cl)nc(NCCc2ccccc2)c1=O)C(=O)c1nccs1,1
CHEMBL309394,N=C(N)NCCC[C@H](NC(=O)[C@H](Cc1cccc(C(F)(F)F)c1)NC(=O)[C@@H](Cc1ccccc1)NS(=O)(=O)Cc1ccccc1)C(=O)c1nccs1,1
CHEMBL309394,N=C(N)NCCC[C@H](NC(=O)[C@H](Cc1cccc(C(F)(F)F)c1)NC(=O)[C@@H](Cc1ccccc1)NS(=O)(=O)Cc1ccccc1)C(=O)c1nccs1,1
CHEMBL3114553,CC(C)(C)[C@@H](O)C(=O)N1CCS(=O)(=O)C[C@H]1C(=O)NCc1cc(Cl)ccc1CN.O=C(O)C(F)(F)F,0
CHEMBL3114555,CC(C)(C)[C@@H](O)C(=O)N1CCSC[C@H]1C(=O)NCc1cc(Cl)ccc1CN.O=C(O)C(F)(F)F,0
CHEMBL3114556,CC(C)(C)[C@@H](O)C(=O)N1CCOC[C@H]1C(=O)NCc1cc(Cl)ccc1CN.O=C(O)C(F)(F)F,0
CHEMBL3114557,CN1CCN(C(=O)[C@H](O)C(C)(C)C)[C@H](C(=O)NCc2cc(Cl)ccc2CN)C1.O=C(O)C(F)(F)F,0
CHEMBL3114558,CC(C)(C)[C@@H](O)C(=O)N1CCNC[C@H]1C(=O)NCc1cc(Cl)ccc1CN.O=C(O)C(F)(F)F,0
CHEMBL3114559,CC(C)(C)[C@@H](O)C(=O)N1CCCC[C@H]1C(=O)NCc1cc(Cl)ccc1CN.O=C(O)C(F)(F)F,0
CHEMBL3114560,CC(C)(C)[C@@H](O)C(=O)N1CCC[C@H]1C(=O)NCc1cc(Cl)ccc1CN.O=C(O)C(F)(F)F,0
CHEMBL311553,N=C(N)NCCC[C@H](NC(=O)[C@H](Cc1ccccc1F)NC(=O)[C@@H](Cc1ccccc1)NS(=O)(=O)Cc1ccccc1)C(=O)c1nccs1,1
CHEMBL311553,N=C(N)NCCC[C@H](NC(=O)[C@H](Cc1ccccc1F)NC(=O)[C@@H](Cc1ccccc1)NS(=O)(=O)Cc1ccccc1)C(=O)c1nccs1,1
CHEMBL311553,N=C(N)NCCC[C@H](NC(=O)[C@H](Cc1ccccc1F)NC(=O)[C@@H](Cc1ccccc1)NS(=O)(=O)Cc1ccccc1)C(=O)c1nccs1,1
CHEMBL3115894,N=C(N)c1ccc(CNC(=O)C(CCC2CCNCC2)NC(=O)[C@@H](CC2CCCCC2)NCC(=O)O)cc1,0
CHEMBL3115894,N=C(N)c1ccc(CNC(=O)C(CCC2CCNCC2)NC(=O)[C@@H](CC2CCCCC2)NCC(=O)O)cc1,0
CHEMBL3124966,C[C@]1(c2ccccc2)C[C@@H](c2cccc(-c3ccc(NS(C)(=O)=O)cc3C(=O)O)c2)Nc2ccc(C(=N)N)cc21,1
CHEMBL3127370,CC1(c2ccccc2)CC(c2cccc(-c3ccc(C(N)=O)cc3C(=O)O)c2)Nc2ccc(C(=N)N)cc21,1
CHEMBL3127370,CC1(c2ccccc2)CC(c2cccc(-c3ccc(C(N)=O)cc3C(=O)O)c2)Nc2ccc(C(=N)N)cc21,0
CHEMBL3127463,CC(C)CC(=O)Nc1cc(-c2ccc(C(N)=O)cc2C(=O)O)cc(C2CC(C)(c3ccccc3)c3cc(C(=N)N)ccc3N2)c1,1
CHEMBL3127463,CC(C)CC(=O)Nc1cc(-c2ccc(C(N)=O)cc2C(=O)O)cc(C2CC(C)(c3ccccc3)c3cc(C(=N)N)ccc3N2)c1,0
CHEMBL3127464,CC(C)CNC(=O)c1ccc(-c2ccccc2[C@@H]2C[C@H](c3ccccc3)c3cc(C(=N)N)ccc3N2)c(C(=O)O)c1,1
CHEMBL3127465,N=C(N)c1ccc2c(c1)[C@@H](c1ccccc1)C[C@@H](c1ccccc1-c1ccccc1C(=O)O)N2,1
CHEMBL3127466,N=C(N)c1ccc2c(c1)[C@@H](c1ccccc1)C[C@@H](c1ccccc1-c1ccc(C(=O)O)cc1C(=O)O)N2,1
CHEMBL3127468,CC(C)CNC(=O)c1ccc(-c2cccc([C@@H]3C[C@H](c4ccccc4)c4cc(C(=N)N)ccc4N3)c2)c(C(=O)O)c1,1
CHEMBL3127469,N=C(N)c1ccc2c(c1)[C@@H](c1ccccc1)C[C@@H](c1cccc(-c3ccc(C(=O)O)cc3C(=O)O)c1)N2,1
CHEMBL3127470,C[C@]1(c2ccccc2)C[C@@H](c2cccc(-c3ccc(C(=O)O)cc3C(=O)O)c2)Nc2ccc(C(=N)N)cc21,1
CHEMBL3127473,C[C@]1(c2ccccc2)C[C@@H](c2cccc(-c3ccc(C(N)=O)cc3C(=O)O)c2)Nc2ccc(C(=N)N)cc21,1
CHEMBL3127474,CNC(=O)Nc1ccc(-c2cccc([C@@H]3C[C@](C)(c4ccccc4)c4cc(C(=N)N)ccc4N3)c2)c(C(=O)O)c1,1
CHEMBL3127475,C[C@]1(c2ccccc2)C[C@@H](c2cccc(-c3ccc(C#N)cc3C(=O)O)c2)Nc2ccc(C(=N)N)cc21,1
CHEMBL3127476,C[C@]1(c2ccccc2)C[C@@H](c2cccc(-c3ccc(N)cc3C(=O)O)c2)Nc2ccc(C(=N)N)cc21,1
CHEMBL3127477,COC(=O)c1ccc(-c2cccc([C@@H]3C[C@](C)(c4ccccc4)c4cc(C(=N)N)ccc4N3)c2)c(C(=O)O)c1,1
CHEMBL3127478,C[C@]1(c2ccccc2)C[C@@H](c2cccc(-c3ccccc3C(=O)O)c2)Nc2ccc(C(=N)N)cc21,1
CHEMBL3127479,CC(=O)Nc1ccc(-c2cccc([C@@H]3C[C@](C)(c4ccccc4)c4cc(C(=N)N)ccc4N3)c2)c(C(=O)O)c1,1
CHEMBL3127480,CNC(=O)c1ccc(-c2cccc([C@@H]3C[C@](C)(c4ccccc4)c4cc(C(=N)N)ccc4N3)c2)c(C(=O)O)c1,1
CHEMBL3127481,CC(C)NC(=O)c1ccc(-c2cccc([C@@H]3C[C@](C)(c4ccccc4)c4cc(C(=N)N)ccc4N3)c2)c(C(=O)O)c1,1
CHEMBL3127482,CN(C)Cc1ccc(-c2cccc([C@@H]3C[C@](C)(c4ccccc4)c4cc(C(=N)N)ccc4N3)c2)c(C(=O)O)c1,1
CHEMBL3127483,CC(C)(C)NC(=O)c1ccc(-c2cccc([C@@H]3C[C@](C)(c4ccccc4)c4cc(C(=N)N)ccc4N3)c2)c(C(=O)O)c1,1
CHEMBL3127484,C[C@]1(c2ccccc2)C[C@H](c2cccc(-c3ccc(C(N)=O)cc3C(=O)O)c2)Nc2ccc(C(=N)N)cc21,0
CHEMBL3127485,N=C(N)c1ccc2c(c1)[C@@H](c1ccccc1)C[C@@H](c1cc(N)cc(-c3ccccc3C(=O)O)c1)N2,1
CHEMBL3127486,C[C@]1(c2ccccc2)C[C@@H](c2cc(N)cc(-c3ccc(C(N)=O)cc3C(=O)O)c2)Nc2ccc(C(=N)N)cc21,1
CHEMBL3127487,CC(=O)Nc1cc(-c2ccc(C(N)=O)cc2C(=O)O)cc([C@@H]2C[C@](C)(c3ccccc3)c3cc(C(=N)N)ccc3N2)c1,1
CHEMBL3127488,CCC(=O)Nc1cc(-c2ccc(C(N)=O)cc2C(=O)O)cc([C@@H]2C[C@](C)(c3ccccc3)c3cc(C(=N)N)ccc3N2)c1,1
CHEMBL3127489,CCCC(=O)Nc1cc(-c2ccc(C(N)=O)cc2C(=O)O)cc([C@@H]2C[C@](C)(c3ccccc3)c3cc(C(=N)N)ccc3N2)c1,1
CHEMBL3127490,C[C@]1(c2ccccc2)C[C@@H](c2cc(NC(=O)C3CC3)cc(-c3ccc(C(N)=O)cc3C(=O)O)c2)Nc2ccc(C(=N)N)cc21,1
CHEMBL3127491,CC(C)CC(=O)Nc1cc(-c2ccc(C(N)=O)cc2C(=O)O)cc([C@@H]2C[C@](C)(c3ccccc3)c3cc(C(=N)N)ccc3N2)c1,1
CHEMBL3127491,CC(C)CC(=O)Nc1cc(-c2ccc(C(N)=O)cc2C(=O)O)cc([C@@H]2C[C@](C)(c3ccccc3)c3cc(C(=N)N)ccc3N2)c1,1
CHEMBL320488,CC(=O)NN(Cc1ccccc1)C(=O)[C@@H]1CCCC[C@H]1C(=O)N[C@H](C=O)CCCN=C(N)N,0
CHEMBL321444,CC(C)(C)OC(=O)NN(Cc1ccccc1)C(=O)[C@@H]1CCCC[C@H]1C(=O)N[C@H](C=O)CCCN=C(N)N,0
CHEMBL322034,CCOC(=O)CN(NC(=O)OC(C)(C)C)C(=O)[C@@H]1CCCC[C@H]1C(=O)N[C@@H](CCCN=C(N)N)C(=O)C(=O)NCCc1ccccc1,0
CHEMBL32375,C[C@H](NC(=O)Nc1ccc(C(=N)N)cc1)C(=O)NCc1ccc(Cl)c(Cl)c1,0
CHEMBL326462,COC(=O)CN(NC(=O)OC(C)(C)C)C(=O)[C@@H]1CCCC[C@H]1C(=O)N[C@@H](CCCN=C(N)N)C(=O)C(=O)NCCc1ccccc1,0
CHEMBL32851,C[C@H](NC(=O)C(NC(=O)Nc1ccc(C(=N)N)cc1)c1ccccc1)c1cccc(Br)c1,1
CHEMBL330943,CC(NC(=O)CNC(=O)Nc1ccc(C(=N)N)cc1)c1ccc(NC(=O)c2ccccc2)cc1,1
CHEMBL330964,CC(NC(=O)CNC(=O)Nc1ccc(C(=N)N)cc1)c1ccc(Cl)c(Cl)c1,1
CHEMBL332753,CC(NC(=O)CNC(=O)Nc1ccc(C(=N)N)cc1)c1ccc(N2CCOCC2)c(Br)c1,1
CHEMBL332983,COc1ccc(Oc2ccc(C(C)NC(=O)CNC(=O)Nc3ccc(C(=N)N)cc3)cc2)cc1,1
CHEMBL3330442,O=C(NC[C@@H]1OC(=O)N2c3ccc(N4CCOCC4=O)cc3OC[C@@H]12)c1ccc(Cl)s1,0
CHEMBL3330482,O=C(NC[C@@H]1OC(=O)N2c3ccc(N4CCOCC4=O)cc3SC[C@@H]12)c1ccc(Cl)s1,0
CHEMBL3330490,O=C(NC[C@@H]1OC(=O)N2c3ccc(N4CCOCC4=O)cc3CC[C@@H]12)c1ccc(Cl)s1,0
CHEMBL3330493,O=C(NC[C@@H]1OC(=O)N2c3ccc(N4CCOCC4=O)cc3NC[C@@H]12)c1ccc(Cl)s1,0
CHEMBL333980,COc1c(NC(C)C)ccc(-c2ccccc2)c1CC(=O)NCc1ccc(C(=N)N)cc1,0
CHEMBL333980,COc1c(NC(C)C)ccc(-c2ccccc2)c1CC(=O)NCc1ccc(C(=N)N)cc1,0
CHEMBL334121,N=C(N)NCCC[C@H](NC(=O)[C@H](Cc1csc2ccccc12)NC(=O)[C@@H](Cc1ccccc1)NS(=O)(=O)Cc1ccccc1)C(=O)c1nccs1,1
CHEMBL335129,O=C(Cc1c(F)ccc(NS(=O)(=O)Cc2ccccc2)c1F)NCc1ccncc1,0
CHEMBL3352850,NC[C@H]1CC[C@H](C(=O)N[C@@H](Cc2ccccc2)c2nc(-c3ccc(S(N)(=O)=O)cc3)c[nH]2)CC1.O=C(O)C(F)(F)F,0
CHEMBL3355664,NC[C@H]1CC[C@H](C(=O)N[C@@H](Cc2ccccc2)c2nc(-c3ccccc3)c[nH]2)CC1.O=C(O)C(F)(F)F,0
CHEMBL3355665,N#Cc1ccc(-c2c[nH]c([C@H](Cc3ccccc3)NC(=O)[C@H]3CC[C@H](CN)CC3)n2)cc1.O=C(O)C(F)(F)F,0
CHEMBL3355666,COC(=O)c1ccc(-c2c[nH]c([C@H](Cc3ccccc3)NC(=O)[C@H]3CC[C@H](CN)CC3)n2)cc1.O=C(O)C(F)(F)F,0
CHEMBL3355667,CCOC(=O)Cc1ccc(-c2c[nH]c([C@H](Cc3ccccc3)NC(=O)[C@H]3CC[C@H](CN)CC3)n2)cc1.O=C(O)C(F)(F)F,0
CHEMBL3355668,N#Cc1cccc(-c2c[nH]c([C@H](Cc3ccccc3)NC(=O)[C@H]3CC[C@H](CN)CC3)n2)c1.O=C(O)C(F)(F)F,0
CHEMBL3355669,CCOC(=O)Cc1cccc(-c2c[nH]c([C@H](Cc3ccccc3)NC(=O)[C@H]3CC[C@H](CN)CC3)n2)c1.O=C(O)C(F)(F)F,0
CHEMBL3355670,NC[C@H]1CC[C@H](C(=O)N[C@@H](Cc2ccccc2)c2nc(-c3ccc(C(N)=O)cc3)c[nH]2)CC1.O=C(O)C(F)(F)F,0
CHEMBL3355671,NC[C@H]1CC[C@H](C(=O)N[C@@H](Cc2ccccc2)c2nc(-c3ccc(C(=O)O)cc3)c[nH]2)CC1.O=C(O)C(F)(F)F,0
CHEMBL3355672,CNC(=O)c1ccc(-c2c[nH]c([C@H](Cc3ccccc3)NC(=O)[C@H]3CC[C@H](CN)CC3)n2)cc1.O=C(O)C(F)(F)F,0
CHEMBL3355673,CN(C)C(=O)c1ccc(-c2c[nH]c([C@H](Cc3ccccc3)NC(=O)[C@H]3CC[C@H](CN)CC3)n2)cc1.O=C(O)C(F)(F)F,0
CHEMBL3355674,NC[C@H]1CC[C@H](C(=O)N[C@@H](Cc2ccccc2)c2nc(-c3ccc(CC(=O)O)cc3)c[nH]2)CC1.O=C(O)C(F)(F)F,0
CHEMBL3355675,NC[C@H]1CC[C@H](C(=O)N[C@@H](Cc2ccccc2)c2nc(-c3ccc(CC(N)=O)cc3)c[nH]2)CC1.O=C(O)C(F)(F)F,0
CHEMBL3355676,NC[C@H]1CC[C@H](C(=O)N[C@@H](Cc2ccccc2)c2nc(-c3cccc(C(N)=O)c3)c[nH]2)CC1.O=C(O)C(F)(F)F,0
CHEMBL3355677,NC[C@H]1CC[C@H](C(=O)N[C@@H](Cc2ccccc2)c2nc(-c3cccc(CC(=O)O)c3)c[nH]2)CC1.O=C(O)C(F)(F)F,0
CHEMBL3355678,NC[C@H]1CC[C@H](C(=O)N[C@@H](Cc2ccccc2)c2nc(-c3cccc(CC(N)=O)c3)c[nH]2)CC1.O=C(O)C(F)(F)F,0
CHEMBL3355679,NC[C@H]1CC[C@H](C(=O)N[C@@H](Cc2ccccc2)c2nc(-c3ccc(C(N)=O)cc3)c(Br)[nH]2)CC1.O=C(O)C(F)(F)F,0
CHEMBL3355680,NC[C@H]1CC[C@H](C(=O)N[C@@H](Cc2ccccc2)c2nc(-c3ccc(C(N)=O)cc3)c(Cl)[nH]2)CC1.O=C(O)C(F)(F)F,0
CHEMBL3355681,NC[C@H]1CC[C@H](C(=O)N[C@@H](Cc2ccccc2)c2nc(-c3ccc(C(N)=O)cc3)c(F)[nH]2)CC1.O=C(O)C(F)(F)F,0
CHEMBL3355682,NC[C@H]1CC[C@H](C(=O)N[C@@H](Cc2ccccc2)c2nc(-c3ccc4c(N)n[nH]c4c3)c[nH]2)CC1.O=C(O)C(F)(F)F,0
CHEMBL3355683,NC[C@H]1CC[C@H](C(=O)N[C@@H](Cc2ccccc2)c2nc(-c3ccc4c(N)n[nH]c4c3)c(Cl)[nH]2)CC1.O=C(O)C(F)(F)F,1
CHEMBL3355684,NC[C@H]1CC[C@H](C(=O)N[C@@H](Cc2ccccc2)c2nc(-c3ccc4c(N)n[nH]c4c3)c(F)[nH]2)CC1.O=C(O)C(F)(F)F,1
CHEMBL336302,CN(C)c1ccc(CNC(=O)Cc2c(F)ccc(NS(=O)(=O)Cc3ccccc3)c2F)cc1,0
CHEMBL336553,N=C(N)NCCC[C@H](NC(=O)[C@H](Cc1cn(Cc2ccccc2)cn1)NC(=O)[C@@H](Cc1ccccc1)NS(=O)(=O)Cc1ccccc1)C(=O)c1nccs1,1
CHEMBL337014,N=C(N)NCCC[C@H](NC(=O)[C@H](Cc1ccc(I)cc1)NC(=O)[C@@H](Cc1ccccc1)NS(=O)(=O)Cc1ccccc1)C(=O)c1nccs1,1
CHEMBL33705,C[C@H](NC(=O)CNC(=O)Nc1ccc(C(=N)N)cc1)c1ccc2c(c1)OCCO2,1
CHEMBL337238,N=C(N)NCCC[C@H](NC(=O)[C@H](Cc1ccc(F)cc1)NC(=O)[C@@H](Cc1ccccc1)NS(=O)(=O)Cc1ccccc1)C(=O)c1nccs1,1
CHEMBL337654,CN(C)CCCC[C@H](NC(=O)[C@@H](Cc1ccccc1)NS(=O)(=O)Cc1ccccc1)C(=O)N[C@@H](CCCN=C(N)N)C(=O)c1nccs1,1
CHEMBL337930,N=C(N)NCCC[C@H](NC(=O)[C@H](CC1CC1)NC(=O)[C@@H](Cc1ccccc1)NS(=O)(=O)Cc1ccccc1)C(=O)c1nccs1,1
CHEMBL338641,CC(NC(=O)CNC(=O)Nc1ccc(C(=N)N)cc1)c1cccc(OCc2ccccc2)c1,1
CHEMBL339200,Cc1cccc(C(=O)Nc2ccc(C(C)NC(=O)CNC(=O)Nc3ccc(C(=N)N)cc3)cc2)c1,1
CHEMBL339241,N=C(N)NCCC[C@H](NC(=O)[C@H](Cc1cc(F)cc(F)c1)NC(=O)[C@@H](Cc1ccccc1)NS(=O)(=O)Cc1ccccc1)C(=O)c1nccs1,1
CHEMBL3393386,NC[C@H]1CC[C@H](C(=O)N[C@@H](Cc2ccccc2)c2cc(-c3ccc4c(N)n[nH]c4c3)ccn2)CC1,0
CHEMBL3393386,NC[C@H]1CC[C@H](C(=O)N[C@@H](Cc2ccccc2)c2cc(-c3ccc4c(N)n[nH]c4c3)ccn2)CC1,0
CHEMBL339341,N=C(N)NCCC[C@H](NC(=O)[C@H](Cc1ccc(Br)cc1)NC(=O)[C@@H](Cc1ccccc1)NS(=O)(=O)Cc1ccccc1)C(=O)c1nccs1,1
CHEMBL3398612,NC[C@H]1CC[C@H](C(=O)N[C@@H](Cc2ccccc2)c2nc(-c3ccc4c(N)n[nH]c4c3)c(Cl)[nH]2)CC1,1
CHEMBL3398641,COC(=O)Nc1ccc(-c2nc([C@H](Cc3ccccc3)NC(=O)/C=C/c3cc(Cl)ccc3-n3cnnn3)[nH]c2Cl)cc1,0
CHEMBL3398642,COC(=O)Nc1ccc(-c2c[nH]c([C@H](Cc3ccccc3)NC(=O)/C=C/c3cc(Cl)ccc3-n3cnnn3)n2)cc1,0
CHEMBL3398644,Nc1n[nH]c2cc(-c3nc([C@H](Cc4ccccc4)NC(=O)/C=C/c4cc(Cl)ccc4-n4cnnn4)[nH]c3Cl)ccc12,0
CHEMBL339880,CC(NC(=O)CNC(=O)Nc1ccc(C(=N)N)cc1)c1ccc(NC(=O)C2CCNCC2)cc1,1
CHEMBL339902,N=C(N)c1cc2cc(-c3cccc(-c4ccccc4)c3O)[nH]c2cc1Cl,1
CHEMBL339956,N=C(N)NCCC[C@H](NC(=O)[C@H](CC1CCCCC1)NC(=O)[C@@H](Cc1ccccc1)NS(=O)(=O)Cc1ccccc1)C(=O)c1nccs1,1
CHEMBL3400183,CCOc1cc(OC(C)C)c(F)c(C(Nc2ccc(C(=N)N)cc2)c2nc(-c3ccccc3C(=O)O)c[nH]2)c1,1
CHEMBL3402436,CCOc1cc(C(Nc2ccc(C(=N)N)cc2)c2nccs2)ccc1OC(C)C,1
CHEMBL3403458,CCOc1cc(C(Nc2ccc(C(=N)N)cc2)c2ccccn2)ccc1OC(C)C,1
CHEMBL3403459,CCOc1cc(OC(C)C)c(F)c(C(Nc2ccc(C(=N)N)cc2)c2ccccn2)c1,1
CHEMBL3403460,CCOc1cc(C(Nc2ccc(C(=N)N)cc2)c2ncc[nH]2)ccc1OC(C)C,1
CHEMBL3403461,CCOc1cc(OC(C)C)c(F)c(C(Nc2ccc(C(=N)N)cc2)c2nnn[nH]2)c1,1
CHEMBL3403462,CCOc1cc(C(Nc2ccc(C(=N)N)cc2)c2nc3ccccc3s2)ccc1OC(C)C,1
CHEMBL3403463,CCOc1cc(OC(C)C)c(F)c(C(Nc2ccc(C(=N)N)cc2)c2nc3ccccc3s2)c1,1
CHEMBL3403464,CCOc1cc(OC(C)C)c(F)c(C(Nc2ccc(C(=N)N)cc2)c2ccc3ccccc3n2)c1,1
CHEMBL3403465,CCOc1cc(OC(C)C)c(F)c(C(Nc2ccc(C(=N)N)cc2)c2nc3ccccc3[nH]2)c1,1
CHEMBL3403467,CCOc1cc(OC(C)C)c(F)c(C(Nc2ccc(C(=N)N)cc2)c2nc(-c3ccccc3)c[nH]2)c1,1
CHEMBL3403468,CCOc1cc(OC(C)C)c(F)c(C(Nc2ccc(C(=N)N)cc2)c2nc(-c3ccccc3)cn2C)c1,1
CHEMBL3403469,CCOc1cc(OC(C)C)c(F)c(C(Nc2ccc(C(=N)N)cc2)c2ncc(-c3ccccc3)n2C)c1,1
CHEMBL3403470,CCOc1cc(OC(C)C)c(F)c(C(Nc2ccc(C(=N)N)cc2)c2nc(-c3ccccc3)co2)c1,1
CHEMBL3403471,CCOc1cc(OC(C)C)c(F)c(C(Nc2ccc(C(=N)N)cc2)c2nc(-c3ccccc3C)c[nH]2)c1,1
CHEMBL3403472,CCOc1cc(OC(C)C)c(F)c(C(Nc2ccc(C(=N)N)cc2)c2nc(-c3cccc(C)c3)c[nH]2)c1,1
CHEMBL3403473,CCOc1cc(OC(C)C)c(F)c(C(Nc2ccc(C(=N)N)cc2)c2nc(-c3ccc(C)cc3)c[nH]2)c1,1
CHEMBL3403474,CCOc1cc(OC(C)C)c(F)c(C(Nc2ccc(C(=N)N)cc2)c2nc(-c3ccccc3OC)c[nH]2)c1,1
CHEMBL3403475,CCOc1cc(OC(C)C)c(F)c(C(Nc2ccc(C(=N)N)cc2)c2nc(-c3cccc(OC)c3)c[nH]2)c1,1
CHEMBL3403476,CCOc1cc(OC(C)C)c(F)c(C(Nc2ccc(C(=N)N)cc2)c2nc(-c3ccc(OC)cc3)c[nH]2)c1,1
CHEMBL3403477,CCOc1cc(OC(C)C)c(F)c(C(Nc2ccc(C(=N)N)cc2)c2nc(-c3ccccc3C(C)=O)c[nH]2)c1,1
CHEMBL3403478,CCOc1cc(OC(C)C)c(F)c(C(Nc2ccc(C(=N)N)cc2)c2nc(-c3ccccc3C(=O)OC)c[nH]2)c1,1
CHEMBL3403479,CCOc1cc(OC(C)C)c(F)c(C(Nc2ccc(C(=N)N)cc2)c2nc(-c3ccccc3C(N)=O)c[nH]2)c1,1
CHEMBL3403480,CCOc1cc(OC(C)C)c(F)c(C(Nc2ccc(C(=N)N)cc2)c2nc(-c3ccccc3C(=O)NC)c[nH]2)c1,1
CHEMBL3403481,CCOc1cc(OC(C)C)c(F)c(C(Nc2ccc(C(=N)N)cc2)c2nc(-c3ccccc3C(=O)N(C)C)c[nH]2)c1,1
CHEMBL34067,N=C(N)c1ccc(NC(=O)NCC(=O)NCc2ccc(Cl)c(Cl)c2)cc1,1
CHEMBL34067,N=C(N)c1ccc(NC(=O)NCC(=O)NCc2ccc(Cl)c(Cl)c2)cc1,1
CHEMBL341553,O=C(NCC1CCNCC1)c1cc(NS(=O)(=O)Cc2ccccc2)ccc1Sc1ccccc1,0
CHEMBL342392,N=C(N)c1ccc(CNC(=O)c2cc(NS(=O)(=O)Cc3ccccc3)ccc2Sc2ccccc2)cc1,0
CHEMBL343173,N=C(N)c1ccc(CNC(=O)Cc2c(-c3ccccc3)ccc(NCCc3ccccc3)c2F)cc1,1
CHEMBL344619,O=C(NCc1ccncc1)c1cc(NS(=O)(=O)Cc2ccccc2)ccc1Sc1ccccc1,0
CHEMBL34721,CN(C)c1ccc(CNC(=O)CNC(=O)Nc2ccc(C(=N)N)cc2)cc1,1
CHEMBL34887,COc1cccc([C@H](C)NC(=O)CNC(=O)Nc2ccc(C(=N)N)cc2)c1,1
CHEMBL34887,COc1cccc([C@H](C)NC(=O)CNC(=O)Nc2ccc(C(=N)N)cc2)c1,1
CHEMBL35586,C[C@H](NC(=O)CNC(=O)Nc1ccc(C(=N)N)cc1)c1cccc(Br)c1,1
CHEMBL35586,C[C@H](NC(=O)CNC(=O)Nc1ccc(C(=N)N)cc1)c1cccc(Br)c1,1
CHEMBL35666,C[C@H](NC(=O)[C@H](CCC(=O)O)NC(=O)Nc1ccc(C(=N)N)cc1)c1cccc(Br)c1,1
CHEMBL35754,CC(NC(=O)CNC(=O)Nc1ccc(C(=N)N)cc1)c1ccc(C(F)(F)F)cc1C(F)(F)F,1
CHEMBL3577334,CC(C)[C@@H]1NC(=O)[C@H](NC(=O)N[C@@H](CCCCN)C(=O)O)CCCCNC(=O)[C@H](Cc2ccccc2)NC(=O)[C@H](C)N(C)C(=O)[C@H](CCc2ccc(O)cc2)NC1=O,0
CHEMBL35800,CN(C)c1ccc(CNC(=O)C(Cc2ccccc2)NC(=O)Nc2ccc(C(=N)N)cc2)cc1,0
CHEMBL3580759,CN1CCN(C(=O)C[C@H](NC(=O)/C=C/c2cc(Cl)ccc2-n2cnnn2)c2nc(-c3ccc4[nH]c(=O)cc(O)c4c3)c(Cl)[nH]2)CC1,0
CHEMBL35813,C[C@H](NC(=O)CNC(=O)Nc1ccc(C(=N)N)c(F)c1)c1cccc(Br)c1,1
CHEMBL35978,C[C@@H](NC(=O)CNC(=O)Nc1ccc(C(=N)N)cc1)c1cccc(Br)c1,0
CHEMBL36001,CC(C)(NC(=O)CNC(=O)Nc1ccc(C(=N)N)cc1)c1ccccc1,1
CHEMBL36002,C[C@H](NC(=O)CNC(=O)Nc1ccc(C(=N)N)cc1)c1ccccc1,1
CHEMBL36002,C[C@H](NC(=O)CNC(=O)Nc1ccc(C(=N)N)cc1)c1ccccc1,1
CHEMBL360313,CCOc1ccc(C(Nc2ccc(C(=N)N)cc2)C(=O)NCc2ccccc2)cc1OCC,1
CHEMBL360313,CCOc1ccc(C(Nc2ccc(C(=N)N)cc2)C(=O)NCc2ccccc2)cc1OCC,1
CHEMBL36114,N=C(N)c1ccc(NC(=O)NCC(=O)NCc2cccc(Cl)c2)cc1,1
CHEMBL3617968,CC(=O)C1=C(C)N(c2cccc(C(F)(F)F)c2)C(=O)N[C@@H]1c1ccc(C#N)nc1,0
CHEMBL363141,CC[C@@H](C)NC(=O)c1cc(N)cc(-c2cnc(NC(C)C)c(=O)n2CC(=O)NCc2ccc(C(=N)N)cc2C(=O)O)c1,1
CHEMBL36341,C[C@@H](NC(=O)CNC(=O)Nc1ccc(C(=N)N)cc1)c1ccccc1,0
CHEMBL366921,COc1cc([C@@H](Nc2ccc(C(=N)N)cc2)C(=O)N[C@H](C(=O)O)c2ccccc2)c(C(=O)Cc2ccccc2)cc1OCc1ccccc1,1
CHEMBL3676167,COC(=O)Nc1ccc2c(c1)NC(=O)CCCC[C@H](NC(=O)/C=C/c1cc(Cl)ccc1-n1cnnn1)c1nc-2c[nH]1,1
CHEMBL368684,CC(C)[C@@H]1NC(=O)[C@H](NC(=O)N[C@@H](CCCNC(=N)N)C(=O)O)CCCCNC(=O)[C@H](Cc2ccccc2)NC(=O)[C@H](C)N(C)C(=O)[C@H](CCc2ccc(O)cc2)NC1=O,0
CHEMBL371051,CN1CCN(CCCN(Cc2ccc3ccc(C(=N)N)cc3c2)C(=O)c2cccc3ccccc23)CC1,1
CHEMBL371558,CC[C@@H](C)NC(=O)c1cc(N)cc(-c2cnc(NC(C)C)c(=O)n2CC(=O)NCc2ccc(C(=N)N)cc2C(=O)NCC(F)(F)F)c1,1
CHEMBL371815,CC[C@@H](C)NC(=O)c1cc(N)cc(-c2cnc(NC(C)C)c(=O)n2CC(=O)NCc2ccc(C(=N)N)cc2C(N)=O)c1,1
CHEMBL372240,CC[C@@H](C)NC(=O)c1cc(N)cc(-c2cnc(NC(C)C)c(=O)n2CC(=O)NCc2ccc(C(=N)N)cc2C(=O)Nc2ccncc2)c1,1
CHEMBL372847,N=C(N)c1ccc2ccc(CN(CCc3ccc(F)cc3)C(=O)c3cccc4ccccc34)cc2c1,1
CHEMBL3740183,CCCCNC(=O)c1ccn2c(NCc3ccc(NC(=N)N)cc3)cnc2c1,0
CHEMBL3752047,CN1CCN(C(=O)Nc2ccc(C[C@H](NC(=O)/C=C/c3cc(Cl)ccc3-n3cnnn3)C(=O)Nc3ccc(C(=O)O)cc3)cc2)CC1,0
CHEMBL3754069,O=C(/C=C/c1cc(Cl)ccc1-n1cnnn1)N[C@@H](Cc1ccccc1)C(=O)Nc1ccc(C(=O)O)cc1,0
CHEMBL3754781,O=C(N[C@@H](Cc1ccccc1)C(=O)NCCc1cc(Cl)ccc1-n1cnnn1)c1ccc2[nH]c(=O)cc(O)c2c1,0
CHEMBL377080,CC(C)c1cccc(-c2cc(C(CC(=O)O)C(=O)O)cc(-c3nc4cc(C(=N)N)ccc4[nH]3)c2O)c1,1
CHEMBL377082,N=C(N)c1ccc2[nH]c(-c3cc(C(CC(=O)O)C(=O)O)cc(-c4cc(F)ccc4O)c3O)nc2c1,1
CHEMBL377953,CC(=O)Nc1cccc(-c2cc(C(CC(=O)O)C(=O)O)cc(-c3nc4cc(C(=N)N)ccc4[nH]3)c2O)c1,1
CHEMBL377956,Nc1ccc2[nH]c(-c3cc(CC(=O)O)cc(-c4cccc([N+](=O)[O-])c4)c3O)cc2n1,1
CHEMBL377990,N=C(N)c1ccc2[nH]c(-c3cc(CC(=O)O)cc(-c4cc(CNC(N)=O)ccc4O)c3O)nc2c1,1
CHEMBL3780324,NC[C@H]1CC[C@H](C(=O)N[C@@H](Cc2ccccc2)c2cc(-c3ccc4[nH]nc(O)c4c3)ccn2)CC1,0
CHEMBL378093,Nc1noc2ccc(-n3nc(C(F)(F)F)c4c3C(=O)N(c3ccc(-c5ccccc5CN5CC[C@@H](O)C5)cc3)CC4)cc12,1
CHEMBL3781319,COC(=O)Nc1ccc(-c2ccnc([C@H](Cc3ccccc3)NC(=O)/C=C/c3cc(Cl)ccc3-n3cnnn3)c2)cc1,0
CHEMBL3781788,COC(=O)Nc1ccc(-c2ccnc([C@H](Cc3ccccc3)NC(=O)[C@H]3CC[C@H](CN)CC3)c2)cc1,0
CHEMBL378366,Nc1ccc2[nH]c(-c3cc(CC(=O)O)cc(-c4cccc(CNC(=O)Nc5cccnc5)c4)c3O)cc2n1,1
CHEMBL378607,N=C(N)c1ccc2[nH]c(-c3cc(C(CC(=O)O)C(=O)O)ccc3O)nc2c1,1
CHEMBL3787587,O=C(NCc1cc(Cl)ccc1-n1cnnn1)[C@@H]1CC=NN1C(=O)[C@H](O)c1ccc(F)cc1,0
CHEMBL378916,N=C(N)c1ccc2[nH]c(-c3cccc(-c4cc(CNC(N)=O)ccc4O)c3O)nc2c1,1
CHEMBL378947,N=C(N)c1ccc2[nH]c(-c3cc(F)cc(-c4cc(CNC(N)=O)ccc4O)c3O)nc2c1,1
CHEMBL379018,N=C(N)c1ccc2[nH]c(-c3cc(C(CC(=O)O)C(=O)O)cc(-c4cc(Cl)ccc4Cl)c3O)nc2c1,1
CHEMBL379036,Nc1noc2ccc(-n3nc(C(F)(F)F)cc3C(=O)Nc3ccc(-c4ccccc4CN4CCCC4)cc3F)cc12,0
CHEMBL379671,N=C(N)c1ccc2[nH]c(-c3cc(C(CC(=O)O)C(=O)O)cc(-c4cc(Cl)cc(Cl)c4)c3O)nc2c1,1
CHEMBL379906,CC(=O)c1cccc(-c2cc(C(CC(=O)O)C(=O)O)cc(-c3nc4cc(C(=N)N)ccc4[nH]3)c2O)c1,1
CHEMBL380098,CCCCCC(=O)NCc1ccc(O)c(-c2cccc(-c3cc4cc(C(=N)N)ccc4[nH]3)c2O)c1,1
CHEMBL380335,NC(=O)Nc1cccc(-c2cc(CC(=O)O)cc(-c3cc4[nH]c(N)ccc-4n3)c2O)c1,0
CHEMBL380813,COc1ccc(CCN(Cc2ccc3ccc(C(=N)N)cc3c2)C(=O)c2cccc3ccccc23)cc1OC,1
CHEMBL3808399,C[C@H]1COC(=O)Nc2cccc(c2)CNC(=O)C(Nc2ccc3c(N)nccc3c2)c2ccc1cc2,1
CHEMBL381120,COc1ccccc1-c1cc(C(CC(=O)O)C(=O)O)cc(-c2nc3cc(C(=N)N)ccc3[nH]2)c1O,1
CHEMBL381148,N=C(N)c1ccc2[nH]c(-c3ccccn3)nc2c1,1
CHEMBL381702,COc1ccc(-c2cc(C(CC(=O)O)C(=O)O)cc(-c3nc4cc(C(=N)N)ccc4[nH]3)c2O)cc1,1
CHEMBL381949,CN(C)Cc1ccccc1-c1ccc(NC(=O)c2cc(C(F)(F)F)nn2-c2ccc3onc(N)c3c2)c(F)c1,0
CHEMBL382064,CC(C)CCN(Cc1ccc2ccc(C(=N)N)cc2c1)C(=O)c1cccc2ccccc12,1
CHEMBL382157,N=C(N)c1ccc2[nH]c(-c3cc(C(CC(=O)O)C(=O)O)cc(-c4cc(Cl)cc(Cl)c4Cl)c3O)nc2c1,1
CHEMBL382387,O=C(O)Cc1cc(-c2cccc([N+](=O)[O-])c2)c(O)c(-c2nc3ccccc3[nH]2)c1,0
CHEMBL382418,N=C(N)c1ccc2[nH]c(-c3cc(C(CC(=O)O)C(=O)O)cc(-c4cccc(O)c4)c3O)nc2c1,1
CHEMBL382776,N=C(N)c1ccc2[nH]c(-c3cc(C(CC(=O)O)C(=O)O)cc(-c4cccc([N+](=O)[O-])c4)c3O)nc2c1,1
CHEMBL383059,CN(C)CCNC(=O)NCc1cccc(-c2cc(CC(=O)O)cc(-c3cc4[nH]c(N)ccc-4n3)c2O)c1,1
CHEMBL383217,CC(C)(C)c1ccc(-c2cc(C(CC(=O)O)C(=O)O)cc(-c3nc4cc(C(=N)N)ccc4[nH]3)c2O)cc1,0
CHEMBL383269,N=C(N)c1ccc2[nH]c(-c3cc(C(CC(=O)O)C(=O)O)cc(-c4cc(N)ccc4O)c3O)nc2c1,1
CHEMBL383431,N=C(N)c1ccc2[nH]c(-c3cc(C(CC(=O)O)C(=O)O)cc(-c4ccccc4N)c3O)nc2c1,1
CHEMBL383639,N=C(N)c1ccc2[nH]c(-c3cc(C(CC(=O)O)C(=O)O)cc(-c4cc(Cl)cc(Br)c4O)c3O)nc2c1,1
CHEMBL384526,COc1ccc(-n2nc(C(N)=O)c3ncn(-c4ccc(-c5ccccc5CN5CCCC5)cc4)c(=O)c32)cc1,0
CHEMBL385140,COc1ccc(-n2nc(C#N)c3ncn(-c4ccc(-c5ccccc5CN5CCCC5)cc4)c(=O)c32)cc1,0
CHEMBL388438,NC1=NCCSc2cc(CNC(=O)Cn3c(-c4cccc(N)c4)c(Cl)nc(NC4CCC4)c3=O)ccc21,0
CHEMBL388439,Nc1cccc(-c2c(Cl)nc(NC3CCC3)c(=O)n2CC(=O)NCc2ccnc(N)n2)c1,0
CHEMBL3891120,Cc1cc2ccc1[C@@H](C)COC(=O)Nc1ccc(S(=O)(=O)C3CC3)c(c1)CN(C)C(=O)[C@@H]2Nc1ccc2c(N)nccc2c1,1
CHEMBL3891120,Cc1cc2ccc1[C@@H](C)COC(=O)Nc1ccc(S(=O)(=O)C3CC3)c(c1)CN(C)C(=O)[C@@H]2Nc1ccc2c(N)nccc2c1,1
CHEMBL3892246,Cc1cc2ccc1[C@@H](C)COC(=O)Nc1cc(F)c(O[C@@H]3COC[C@@H]3O)c(c1)CN(C)C(=O)[C@@H]2Nc1ccc2c(N)nccc2c1,1
CHEMBL3892246,Cc1cc2ccc1[C@@H](C)COC(=O)Nc1cc(F)c(O[C@@H]3COC[C@@H]3O)c(c1)CN(C)C(=O)[C@@H]2Nc1ccc2c(N)nccc2c1,1
CHEMBL389527,N=C(N)c1ccc(S(=O)(=O)NCCn2c(-c3cccc(N)c3)c(Cl)nc(NC3CCC3)c2=O)cc1,0
CHEMBL3895397,COC[C@H](C)S(=O)(=O)c1ccc2cc1CN(C)C(=O)[C@H](Nc1ccc3c(N)ncc(F)c3c1)c1ccc(c(C)c1)[C@@H](C)COC(=O)N2,1
CHEMBL3895397,COC[C@H](C)S(=O)(=O)c1ccc2cc1CN(C)C(=O)[C@H](Nc1ccc3c(N)ncc(F)c3c1)c1ccc(c(C)c1)[C@@H](C)COC(=O)N2,1
CHEMBL3897709,CCN(Cc1nccs1)C(=O)c1ccc2cc1CN(C)C(=O)[C@H](Nc1ccc3c(N)nccc3c1)c1ccc(c(C)c1)[C@@H](C)COC(=O)N2,1
CHEMBL3897709,CCN(Cc1nccs1)C(=O)c1ccc2cc1CN(C)C(=O)[C@H](Nc1ccc3c(N)nccc3c1)c1ccc(c(C)c1)[C@@H](C)COC(=O)N2,1
CHEMBL3898371,Cc1cc2ccc1[C@@H](C)COC(=O)Nc1ccc(C3(C(=O)O)CC3)c(c1)CN(C)C(=O)[C@@H]2Nc1ccc2c(N)ncc(F)c2c1,1
CHEMBL3898371,Cc1cc2ccc1[C@@H](C)COC(=O)Nc1ccc(C3(C(=O)O)CC3)c(c1)CN(C)C(=O)[C@@H]2Nc1ccc2c(N)ncc(F)c2c1,1
CHEMBL3901206,COc1cc2c(F)cc1[C@@H](C)COC(=O)Nc1ccc(S(=O)(=O)C3CC3)c(c1)CN(C)C(=O)[C@@H]2Nc1cc2ccnc(N)c2cc1F,1
CHEMBL3901206,COc1cc2c(F)cc1[C@@H](C)COC(=O)Nc1ccc(S(=O)(=O)C3CC3)c(c1)CN(C)C(=O)[C@@H]2Nc1cc2ccnc(N)c2cc1F,1
CHEMBL3901391,Cc1cc2ccc1[C@@H](C)COC(=O)Nc1ccc(S(=O)(=O)C3CC3)c(c1)CN(C)C(=O)[C@@H]2Nc1cc2ccnc(N)c2cc1F,1
CHEMBL3901391,Cc1cc2ccc1[C@@H](C)COC(=O)Nc1ccc(S(=O)(=O)C3CC3)c(c1)CN(C)C(=O)[C@@H]2Nc1cc2ccnc(N)c2cc1F,1
CHEMBL3902498,Cc1cc2ccc1[C@@H](C)COC(=O)Nc1ccc(S(=O)(=O)C3CC3)c(c1)CN(C)C(=O)[C@@H]2Nc1ccc2c(N)ncc(F)c2c1,1
CHEMBL3902498,Cc1cc2ccc1[C@@H](C)COC(=O)Nc1ccc(S(=O)(=O)C3CC3)c(c1)CN(C)C(=O)[C@@H]2Nc1ccc2c(N)ncc(F)c2c1,1
CHEMBL3902759,Cc1cc2ccc1[C@@H](C)COC(=O)Nc1ccc(C3(c4nnn[nH]4)CC3)c(c1)CN(C)C(=O)[C@@H]2Nc1ccc2c(N)nccc2c1,1
CHEMBL3902759,Cc1cc2ccc1[C@@H](C)COC(=O)Nc1ccc(C3(c4nnn[nH]4)CC3)c(c1)CN(C)C(=O)[C@@H]2Nc1ccc2c(N)nccc2c1,1
CHEMBL3903215,Cc1cc2ccc1[C@@H](C)COC(=O)Nc1cc(F)c(OCCN3CCCC3=O)c(c1)CN(C)C(=O)[C@@H]2Nc1ccc2c(N)nccc2c1,1
CHEMBL3903215,Cc1cc2ccc1[C@@H](C)COC(=O)Nc1cc(F)c(OCCN3CCCC3=O)c(c1)CN(C)C(=O)[C@@H]2Nc1ccc2c(N)nccc2c1,1
CHEMBL390662,Nc1cccc(-c2c(Cl)nc(NC3CCC3)c(=O)n2CC(=O)NCc2ccccc2)c1,1
CHEMBL390663,N=C(N)c1ccc(CNC(=O)Cn2c(-c3cccc(N)c3)c(Cl)nc(NC3CCC3)c2=O)c(F)c1,1
CHEMBL3906646,Cc1cc2ccc1[C@@H](C)COC(=O)Nc1cc(F)c(OC(CF)CF)c(c1)CN(C)C(=O)[C@@H]2Nc1ccc2c(N)nccc2c1,1
CHEMBL3906646,Cc1cc2ccc1[C@@H](C)COC(=O)Nc1cc(F)c(OC(CF)CF)c(c1)CN(C)C(=O)[C@@H]2Nc1ccc2c(N)nccc2c1,1
CHEMBL3907868,Cc1cc2ccc1[C@@H](C)COC(=O)Nc1ccc(S(=O)(=O)C(C)C)c(c1)CN(C)C(=O)[C@@H]2Nc1ccc2c(N)ncc(F)c2c1,1
CHEMBL3907868,Cc1cc2ccc1[C@@H](C)COC(=O)Nc1ccc(S(=O)(=O)C(C)C)c(c1)CN(C)C(=O)[C@@H]2Nc1ccc2c(N)ncc(F)c2c1,1
CHEMBL3908500,Cc1cc2ccc1[C@@H](C)COC(=O)Nc1cc(F)c(S(=O)(=O)C(C)C)c(c1)CN(C)C(=O)[C@@H]2Nc1cc(F)c2c(N)nccc2c1,1
CHEMBL3908500,Cc1cc2ccc1[C@@H](C)COC(=O)Nc1cc(F)c(S(=O)(=O)C(C)C)c(c1)CN(C)C(=O)[C@@H]2Nc1cc(F)c2c(N)nccc2c1,1
CHEMBL390878,N=C(N)c1ccc(CNC(=O)Cn2c(-c3cccc(N)c3)c(Cl)nc(NC3CCC3)c2=O)cc1F,1
CHEMBL3909009,Cc1cc2ccc1[C@@H](C)COC(=O)Nc1ccc(S(=O)(=O)C3CC3)c(c1)CN(C)C(=O)[C@@H]2Nc1cc(F)c2c(N)nccc2c1,1
CHEMBL3909009,Cc1cc2ccc1[C@@H](C)COC(=O)Nc1ccc(S(=O)(=O)C3CC3)c(c1)CN(C)C(=O)[C@@H]2Nc1cc(F)c2c(N)nccc2c1,1
CHEMBL3913920,[C-]#[N+]C1(COc2c(F)cc3cc2CN(C)C(=O)[C@H](Nc2ccc4c(N)nccc4c2)c2ccc(c(C)c2)[C@@H](C)COC(=O)N3)CC1,1
